Participant,Item,Preview,Predictability,Condition,FFD,GD
y1,1,I,H,IH,307,307
y1,2,I,H,IH,NA,NA
y1,3,I,H,IH,264,264
y1,6,I,H,IH,244,244
y1,7,I,H,IH,172,172
y1,8,I,H,IH,250,250
y1,9,I,H,IH,NA,NA
y1,10,I,H,IH,269,269
y1,11,I,H,IH,166,166
y1,12,I,H,IH,NA,NA
y1,13,I,H,IH,238,238
y1,14,I,H,IH,412,412
y1,15,I,H,IH,220,220
y1,16,I,H,IH,101,101
y1,17,I,H,IH,100,100
y1,18,I,H,IH,282,282
y1,19,I,H,IH,203,203
y1,21,V,H,VH,384,384
y1,22,V,H,VH,244,244
y1,23,V,H,VH,NA,NA
y1,24,V,H,VH,NA,NA
y1,25,V,H,VH,NA,NA
y1,26,V,H,VH,NA,NA
y1,27,V,H,VH,NA,NA
y1,29,V,H,VH,NA,NA
y1,30,V,H,VH,NA,NA
y1,31,V,H,VH,NA,NA
y1,33,V,H,VH,NA,NA
y1,34,V,H,VH,NA,NA
y1,35,V,H,VH,168,168
y1,37,V,H,VH,NA,NA
y1,38,V,H,VH,154,154
y1,39,V,H,VH,187,187
y1,40,V,H,VH,NA,NA
y1,42,I,L,IL,157,157
y1,44,I,L,IL,348,348
y1,45,I,L,IL,212,212
y1,46,I,L,IL,83,498
y1,47,I,L,IL,NA,NA
y1,48,I,L,IL,NA,NA
y1,49,I,L,IL,150,150
y1,50,I,L,IL,NA,NA
y1,51,I,L,IL,NA,NA
y1,55,I,L,IL,226,226
y1,56,I,L,IL,408,408
y1,58,I,L,IL,NA,NA
y1,59,I,L,IL,325,325
y1,60,I,L,IL,NA,NA
y1,61,V,L,VL,215,215
y1,62,V,L,VL,217,478
y1,63,V,L,VL,NA,NA
y1,65,V,L,VL,NA,NA
y1,66,V,L,VL,258,258
y1,68,V,L,VL,226,226
y1,69,V,L,VL,NA,NA
y1,70,V,L,VL,NA,NA
y1,71,V,L,VL,NA,NA
y1,72,V,L,VL,NA,NA
y1,73,V,L,VL,161,161
y1,74,V,L,VL,NA,NA
y1,75,V,L,VL,NA,NA
y1,76,V,L,VL,333,333
y1,77,V,L,VL,NA,NA
y1,79,V,L,VL,NA,NA
y1,80,V,L,VL,282,282
y10,1,V,H,VH,244,244
y10,2,V,H,VH,105,105
y10,3,V,H,VH,186,186
y10,4,V,H,VH,281,281
y10,5,V,H,VH,NA,NA
y10,6,V,H,VH,382,382
y10,7,V,H,VH,243,243
y10,8,V,H,VH,309,309
y10,9,V,H,VH,146,146
y10,10,V,H,VH,NA,NA
y10,11,V,H,VH,NA,NA
y10,12,V,H,VH,NA,NA
y10,14,V,H,VH,197,317
y10,15,V,H,VH,175,175
y10,16,V,H,VH,220,398
y10,17,V,H,VH,219,219
y10,18,V,H,VH,NA,NA
y10,19,V,H,VH,100,100
y10,20,V,H,VH,NA,NA
y10,21,I,L,IL,289,418
y10,22,I,L,IL,128,128
y10,23,I,L,IL,NA,NA
y10,24,I,L,IL,246,246
y10,25,I,L,IL,NA,NA
y10,26,I,L,IL,273,273
y10,27,I,L,IL,253,667
y10,28,I,L,IL,271,271
y10,29,I,L,IL,288,710
y10,30,I,L,IL,NA,NA
y10,32,I,L,IL,360,360
y10,33,I,L,IL,NA,NA
y10,34,I,L,IL,410,410
y10,35,I,L,IL,236,236
y10,36,I,L,IL,295,295
y10,37,I,L,IL,488,488
y10,38,I,L,IL,298,298
y10,39,I,L,IL,509,509
y10,40,I,L,IL,360,360
y10,41,V,L,VL,189,189
y10,42,V,L,VL,179,179
y10,44,V,L,VL,149,149
y10,45,V,L,VL,NA,NA
y10,46,V,L,VL,281,456
y10,47,V,L,VL,289,289
y10,48,V,L,VL,120,120
y10,49,V,L,VL,348,348
y10,50,V,L,VL,205,449
y10,51,V,L,VL,NA,NA
y10,52,V,L,VL,NA,NA
y10,53,V,L,VL,NA,NA
y10,54,V,L,VL,226,226
y10,55,V,L,VL,217,217
y10,56,V,L,VL,232,232
y10,58,V,L,VL,NA,NA
y10,59,V,L,VL,137,137
y10,61,I,H,IH,366,466
y10,62,I,H,IH,452,452
y10,63,I,H,IH,270,270
y10,64,I,H,IH,302,302
y10,65,I,H,IH,209,209
y10,66,I,H,IH,332,332
y10,67,I,H,IH,413,495
y10,68,I,H,IH,453,453
y10,69,I,H,IH,144,326
y10,70,I,H,IH,392,392
y10,71,I,H,IH,NA,NA
y10,72,I,H,IH,239,239
y10,73,I,H,IH,395,395
y10,74,I,H,IH,243,752
y10,75,I,H,IH,325,325
y10,76,I,H,IH,349,349
y10,77,I,H,IH,322,322
y10,78,I,H,IH,386,386
y10,79,I,H,IH,NA,NA
y10,80,I,H,IH,218,218
y11,1,I,L,IL,356,356
y11,2,I,L,IL,444,444
y11,3,I,L,IL,399,399
y11,4,I,L,IL,374,374
y11,7,I,L,IL,563,563
y11,8,I,L,IL,431,645
y11,9,I,L,IL,348,470
y11,11,I,L,IL,458,458
y11,13,I,L,IL,316,468
y11,14,I,L,IL,378,549
y11,15,I,L,IL,262,262
y11,16,I,L,IL,373,373
y11,19,I,L,IL,377,597
y11,20,I,L,IL,251,493
y11,21,V,L,VL,262,262
y11,22,V,L,VL,173,173
y11,23,V,L,VL,262,262
y11,24,V,L,VL,253,253
y11,25,V,L,VL,586,586
y11,26,V,L,VL,415,415
y11,28,V,L,VL,NA,NA
y11,30,V,L,VL,357,357
y11,31,V,L,VL,179,179
y11,32,V,L,VL,235,235
y11,33,V,L,VL,327,327
y11,35,V,L,VL,394,394
y11,37,V,L,VL,272,272
y11,38,V,L,VL,297,297
y11,39,V,L,VL,236,236
y11,40,V,L,VL,262,262
y11,41,I,H,IH,440,585
y11,44,I,H,IH,383,383
y11,45,I,H,IH,373,373
y11,46,I,H,IH,477,477
y11,47,I,H,IH,352,352
y11,48,I,H,IH,498,498
y11,49,I,H,IH,393,543
y11,50,I,H,IH,423,567
y11,51,I,H,IH,155,401
y11,52,I,H,IH,511,511
y11,53,I,H,IH,341,341
y11,54,I,H,IH,389,389
y11,56,I,H,IH,NA,NA
y11,57,I,H,IH,370,545
y11,59,I,H,IH,362,362
y11,60,I,H,IH,352,510
y11,61,V,H,VH,218,218
y11,62,V,H,VH,408,408
y11,64,V,H,VH,285,285
y11,65,V,H,VH,382,625
y11,67,V,H,VH,NA,NA
y11,68,V,H,VH,282,282
y11,69,V,H,VH,223,223
y11,70,V,H,VH,166,166
y11,71,V,H,VH,244,244
y11,72,V,H,VH,295,295
y11,73,V,H,VH,200,200
y11,74,V,H,VH,282,385
y11,75,V,H,VH,277,277
y11,76,V,H,VH,337,337
y11,77,V,H,VH,475,475
y11,78,V,H,VH,187,187
y11,80,V,H,VH,230,230
y12kth,1,V,L,VL,450,450
y12kth,3,V,L,VL,NA,NA
y12kth,4,V,L,VL,305,632
y12kth,8,V,L,VL,310,310
y12kth,10,V,L,VL,211,211
y12kth,11,V,L,VL,NA,NA
y12kth,12,V,L,VL,203,203
y12kth,14,V,L,VL,NA,NA
y12kth,15,V,L,VL,155,155
y12kth,16,V,L,VL,NA,NA
y12kth,17,V,L,VL,155,155
y12kth,18,V,L,VL,337,337
y12kth,19,V,L,VL,172,172
y12kth,20,V,L,VL,NA,NA
y12kth,21,I,H,IH,217,217
y12kth,22,I,H,IH,401,401
y12kth,23,I,H,IH,326,326
y12kth,24,I,H,IH,202,441
y12kth,25,I,H,IH,414,414
y12kth,26,I,H,IH,270,270
y12kth,27,I,H,IH,303,303
y12kth,28,I,H,IH,203,203
y12kth,29,I,H,IH,NA,NA
y12kth,30,I,H,IH,214,214
y12kth,31,I,H,IH,NA,NA
y12kth,32,I,H,IH,166,456
y12kth,33,I,H,IH,264,264
y12kth,35,I,H,IH,358,358
y12kth,36,I,H,IH,NA,NA
y12kth,37,I,H,IH,240,450
y12kth,38,I,H,IH,257,257
y12kth,39,I,H,IH,330,330
y12kth,40,I,H,IH,NA,NA
y12kth,41,V,H,VH,199,199
y12kth,42,V,H,VH,182,182
y12kth,43,V,H,VH,248,248
y12kth,44,V,H,VH,NA,NA
y12kth,46,V,H,VH,NA,NA
y12kth,48,V,H,VH,NA,NA
y12kth,49,V,H,VH,NA,NA
y12kth,50,V,H,VH,279,279
y12kth,52,V,H,VH,NA,NA
y12kth,53,V,H,VH,148,148
y12kth,54,V,H,VH,162,162
y12kth,55,V,H,VH,NA,NA
y12kth,56,V,H,VH,319,319
y12kth,57,V,H,VH,NA,NA
y12kth,58,V,H,VH,NA,NA
y12kth,59,V,H,VH,192,192
y12kth,60,V,H,VH,211,211
y12kth,61,I,L,IL,459,459
y12kth,62,I,L,IL,229,229
y12kth,63,I,L,IL,NA,NA
y12kth,64,I,L,IL,399,399
y12kth,65,I,L,IL,368,368
y12kth,66,I,L,IL,367,367
y12kth,67,I,L,IL,233,409
y12kth,68,I,L,IL,237,237
y12kth,71,I,L,IL,274,274
y12kth,72,I,L,IL,340,340
y12kth,73,I,L,IL,163,401
y12kth,74,I,L,IL,307,307
y12kth,75,I,L,IL,217,328
y12kth,76,I,L,IL,276,276
y12kth,77,I,L,IL,NA,NA
y12kth,78,I,L,IL,238,594
y12kth,79,I,L,IL,NA,NA
y12kth,80,I,L,IL,354,354
y13zjx,1,I,H,IH,198,198
y13zjx,3,I,H,IH,153,153
y13zjx,5,I,H,IH,437,437
y13zjx,7,I,H,IH,NA,NA
y13zjx,8,I,H,IH,335,335
y13zjx,10,I,H,IH,363,363
y13zjx,11,I,H,IH,361,361
y13zjx,12,I,H,IH,237,237
y13zjx,14,I,H,IH,277,277
y13zjx,15,I,H,IH,NA,NA
y13zjx,16,I,H,IH,186,186
y13zjx,17,I,H,IH,NA,NA
y13zjx,19,I,H,IH,NA,NA
y13zjx,20,I,H,IH,205,205
y13zjx,21,V,H,VH,NA,NA
y13zjx,28,V,H,VH,165,165
y13zjx,30,V,H,VH,NA,NA
y13zjx,33,V,H,VH,NA,NA
y13zjx,34,V,H,VH,NA,NA
y13zjx,36,V,H,VH,NA,NA
y13zjx,37,V,H,VH,NA,NA
y13zjx,39,V,H,VH,284,284
y13zjx,40,V,H,VH,369,369
y13zjx,41,I,L,IL,NA,NA
y13zjx,42,I,L,IL,180,180
y13zjx,43,I,L,IL,NA,NA
y13zjx,45,I,L,IL,265,265
y13zjx,46,I,L,IL,NA,NA
y13zjx,47,I,L,IL,NA,NA
y13zjx,48,I,L,IL,NA,NA
y13zjx,49,I,L,IL,299,299
y13zjx,50,I,L,IL,NA,NA
y13zjx,51,I,L,IL,NA,NA
y13zjx,52,I,L,IL,NA,NA
y13zjx,53,I,L,IL,285,285
y13zjx,55,I,L,IL,351,351
y13zjx,60,I,L,IL,257,257
y13zjx,64,V,L,VL,NA,NA
y13zjx,65,V,L,VL,205,205
y13zjx,66,V,L,VL,NA,NA
y13zjx,67,V,L,VL,NA,NA
y13zjx,68,V,L,VL,NA,NA
y13zjx,70,V,L,VL,NA,NA
y13zjx,71,V,L,VL,175,175
y13zjx,72,V,L,VL,356,356
y13zjx,73,V,L,VL,552,552
y13zjx,74,V,L,VL,204,204
y13zjx,75,V,L,VL,176,176
y13zjx,77,V,L,VL,167,167
y13zjx,78,V,L,VL,180,180
y13zjx,79,V,L,VL,235,235
y15wrx,1,I,L,IL,NA,NA
y15wrx,3,I,L,IL,139,139
y15wrx,7,I,L,IL,254,254
y15wrx,8,I,L,IL,207,207
y15wrx,10,I,L,IL,238,238
y15wrx,14,I,L,IL,NA,NA
y15wrx,16,I,L,IL,321,321
y15wrx,17,I,L,IL,NA,NA
y15wrx,20,I,L,IL,201,201
y15wrx,22,V,L,VL,NA,NA
y15wrx,23,V,L,VL,NA,NA
y15wrx,25,V,L,VL,NA,NA
y15wrx,26,V,L,VL,NA,NA
y15wrx,28,V,L,VL,177,177
y15wrx,30,V,L,VL,NA,NA
y15wrx,31,V,L,VL,NA,NA
y15wrx,34,V,L,VL,NA,NA
y15wrx,36,V,L,VL,196,196
y15wrx,37,V,L,VL,NA,NA
y15wrx,39,V,L,VL,NA,NA
y15wrx,41,I,H,IH,222,222
y15wrx,43,I,H,IH,NA,NA
y15wrx,44,I,H,IH,NA,NA
y15wrx,45,I,H,IH,248,248
y15wrx,47,I,H,IH,NA,NA
y15wrx,48,I,H,IH,NA,NA
y15wrx,49,I,H,IH,NA,NA
y15wrx,50,I,H,IH,NA,NA
y15wrx,52,I,H,IH,200,200
y15wrx,53,I,H,IH,NA,NA
y15wrx,54,I,H,IH,NA,NA
y15wrx,55,I,H,IH,218,218
y15wrx,57,I,H,IH,NA,NA
y15wrx,58,I,H,IH,NA,NA
y15wrx,59,I,H,IH,NA,NA
y15wrx,63,V,H,VH,NA,NA
y15wrx,64,V,H,VH,NA,NA
y15wrx,65,V,H,VH,NA,NA
y15wrx,67,V,H,VH,NA,NA
y15wrx,68,V,H,VH,191,191
y15wrx,71,V,H,VH,NA,NA
y15wrx,72,V,H,VH,175,175
y15wrx,75,V,H,VH,NA,NA
y15wrx,76,V,H,VH,269,269
y15wrx,77,V,H,VH,NA,NA
y17jyy,3,I,H,IH,NA,NA
y17jyy,4,I,H,IH,179,179
y17jyy,6,I,H,IH,241,241
y17jyy,7,I,H,IH,NA,NA
y17jyy,10,I,H,IH,NA,NA
y17jyy,11,I,H,IH,276,276
y17jyy,12,I,H,IH,306,306
y17jyy,14,I,H,IH,332,332
y17jyy,15,I,H,IH,98,98
y17jyy,16,I,H,IH,NA,NA
y17jyy,17,I,H,IH,206,389
y17jyy,18,I,H,IH,401,401
y17jyy,22,V,H,VH,201,201
y17jyy,23,V,H,VH,NA,NA
y17jyy,24,V,H,VH,236,236
y17jyy,25,V,H,VH,177,177
y17jyy,28,V,H,VH,NA,NA
y17jyy,29,V,H,VH,NA,NA
y17jyy,30,V,H,VH,NA,NA
y17jyy,31,V,H,VH,254,254
y17jyy,33,V,H,VH,NA,NA
y17jyy,34,V,H,VH,NA,NA
y17jyy,35,V,H,VH,146,146
y17jyy,36,V,H,VH,310,310
y17jyy,37,V,H,VH,211,211
y17jyy,38,V,H,VH,NA,NA
y17jyy,39,V,H,VH,188,188
y17jyy,41,I,L,IL,263,263
y17jyy,42,I,L,IL,NA,NA
y17jyy,44,I,L,IL,269,269
y17jyy,45,I,L,IL,289,289
y17jyy,48,I,L,IL,NA,NA
y17jyy,49,I,L,IL,193,365
y17jyy,51,I,L,IL,259,259
y17jyy,52,I,L,IL,NA,NA
y17jyy,55,I,L,IL,142,142
y17jyy,56,I,L,IL,NA,NA
y17jyy,58,I,L,IL,471,471
y17jyy,61,V,L,VL,229,229
y17jyy,62,V,L,VL,219,219
y17jyy,63,V,L,VL,NA,NA
y17jyy,64,V,L,VL,198,422
y17jyy,67,V,L,VL,NA,NA
y17jyy,71,V,L,VL,NA,NA
y17jyy,72,V,L,VL,408,408
y17jyy,73,V,L,VL,191,191
y17jyy,74,V,L,VL,NA,NA
y17jyy,75,V,L,VL,161,161
y17jyy,76,V,L,VL,216,216
y17jyy,77,V,L,VL,NA,NA
y17jyy,79,V,L,VL,194,194
y17jyy,80,V,L,VL,198,198
y18hyl,2,V,H,VH,NA,NA
y18hyl,3,V,H,VH,NA,NA
y18hyl,4,V,H,VH,126,126
y18hyl,5,V,H,VH,NA,NA
y18hyl,6,V,H,VH,234,234
y18hyl,11,V,H,VH,204,204
y18hyl,12,V,H,VH,NA,NA
y18hyl,13,V,H,VH,NA,NA
y18hyl,14,V,H,VH,129,129
y18hyl,15,V,H,VH,471,471
y18hyl,16,V,H,VH,254,254
y18hyl,17,V,H,VH,219,219
y18hyl,18,V,H,VH,191,191
y18hyl,19,V,H,VH,337,337
y18hyl,20,V,H,VH,NA,NA
y18hyl,22,I,L,IL,NA,NA
y18hyl,23,I,L,IL,203,203
y18hyl,24,I,L,IL,305,305
y18hyl,25,I,L,IL,208,419
y18hyl,26,I,L,IL,252,532
y18hyl,27,I,L,IL,300,300
y18hyl,28,I,L,IL,283,283
y18hyl,30,I,L,IL,286,508
y18hyl,31,I,L,IL,257,569
y18hyl,32,I,L,IL,350,350
y18hyl,33,I,L,IL,NA,NA
y18hyl,34,I,L,IL,301,301
y18hyl,35,I,L,IL,431,431
y18hyl,37,I,L,IL,296,576
y18hyl,38,I,L,IL,NA,NA
y18hyl,39,I,L,IL,237,450
y18hyl,41,V,L,VL,203,203
y18hyl,43,V,L,VL,312,312
y18hyl,45,V,L,VL,189,189
y18hyl,46,V,L,VL,286,286
y18hyl,47,V,L,VL,197,197
y18hyl,48,V,L,VL,283,283
y18hyl,49,V,L,VL,366,366
y18hyl,50,V,L,VL,NA,NA
y18hyl,51,V,L,VL,NA,NA
y18hyl,52,V,L,VL,199,199
y18hyl,54,V,L,VL,418,418
y18hyl,55,V,L,VL,206,378
y18hyl,56,V,L,VL,169,169
y18hyl,57,V,L,VL,NA,NA
y18hyl,58,V,L,VL,NA,NA
y18hyl,59,V,L,VL,246,246
y18hyl,60,V,L,VL,421,421
y18hyl,61,I,H,IH,311,311
y18hyl,62,I,H,IH,NA,NA
y18hyl,63,I,H,IH,NA,NA
y18hyl,64,I,H,IH,313,313
y18hyl,65,I,H,IH,294,294
y18hyl,66,I,H,IH,234,234
y18hyl,68,I,H,IH,233,436
y18hyl,69,I,H,IH,326,326
y18hyl,70,I,H,IH,201,432
y18hyl,71,I,H,IH,NA,NA
y18hyl,73,I,H,IH,412,412
y18hyl,74,I,H,IH,269,445
y18hyl,75,I,H,IH,NA,NA
y18hyl,78,I,H,IH,374,374
y18hyl,79,I,H,IH,343,343
y18hyl,80,I,H,IH,310,310
y19lhl,1,I,L,IL,367,367
y19lhl,2,I,L,IL,360,360
y19lhl,3,I,L,IL,283,283
y19lhl,4,I,L,IL,264,455
y19lhl,5,I,L,IL,397,397
y19lhl,7,I,L,IL,297,297
y19lhl,8,I,L,IL,199,199
y19lhl,9,I,L,IL,426,426
y19lhl,10,I,L,IL,211,373
y19lhl,11,I,L,IL,466,466
y19lhl,12,I,L,IL,238,238
y19lhl,13,I,L,IL,425,425
y19lhl,14,I,L,IL,285,285
y19lhl,15,I,L,IL,383,383
y19lhl,16,I,L,IL,205,361
y19lhl,17,I,L,IL,175,175
y19lhl,18,I,L,IL,486,486
y19lhl,19,I,L,IL,571,571
y19lhl,20,I,L,IL,393,393
y19lhl,21,V,L,VL,519,519
y19lhl,22,V,L,VL,272,272
y19lhl,23,V,L,VL,258,258
y19lhl,24,V,L,VL,130,130
y19lhl,25,V,L,VL,256,256
y19lhl,27,V,L,VL,NA,NA
y19lhl,28,V,L,VL,420,420
y19lhl,29,V,L,VL,295,295
y19lhl,30,V,L,VL,200,200
y19lhl,31,V,L,VL,177,177
y19lhl,33,V,L,VL,189,189
y19lhl,34,V,L,VL,160,160
y19lhl,35,V,L,VL,167,167
y19lhl,36,V,L,VL,234,234
y19lhl,38,V,L,VL,287,287
y19lhl,39,V,L,VL,NA,NA
y19lhl,40,V,L,VL,193,193
y19lhl,41,I,H,IH,493,493
y19lhl,43,I,H,IH,376,376
y19lhl,44,I,H,IH,143,143
y19lhl,45,I,H,IH,223,438
y19lhl,46,I,H,IH,420,420
y19lhl,48,I,H,IH,290,628
y19lhl,49,I,H,IH,325,325
y19lhl,50,I,H,IH,281,281
y19lhl,51,I,H,IH,330,330
y19lhl,54,I,H,IH,408,408
y19lhl,55,I,H,IH,335,335
y19lhl,56,I,H,IH,214,380
y19lhl,57,I,H,IH,283,283
y19lhl,58,I,H,IH,219,219
y19lhl,59,I,H,IH,257,257
y19lhl,61,V,H,VH,288,288
y19lhl,62,V,H,VH,274,274
y19lhl,63,V,H,VH,320,320
y19lhl,65,V,H,VH,345,345
y19lhl,66,V,H,VH,205,205
y19lhl,67,V,H,VH,179,179
y19lhl,68,V,H,VH,NA,NA
y19lhl,69,V,H,VH,290,290
y19lhl,71,V,H,VH,NA,NA
y19lhl,72,V,H,VH,NA,NA
y19lhl,73,V,H,VH,189,189
y19lhl,74,V,H,VH,201,201
y19lhl,75,V,H,VH,290,290
y19lhl,76,V,H,VH,173,173
y19lhl,77,V,H,VH,NA,NA
y19lhl,78,V,H,VH,NA,NA
y19lhl,79,V,H,VH,296,296
y19lhl,80,V,H,VH,227,227
y2,1,V,H,VH,NA,NA
y2,2,V,H,VH,NA,NA
y2,3,V,H,VH,134,134
y2,5,V,H,VH,191,191
y2,6,V,H,VH,NA,NA
y2,7,V,H,VH,169,169
y2,8,V,H,VH,260,260
y2,9,V,H,VH,159,159
y2,10,V,H,VH,NA,NA
y2,11,V,H,VH,NA,NA
y2,12,V,H,VH,NA,NA
y2,13,V,H,VH,NA,NA
y2,14,V,H,VH,194,194
y2,15,V,H,VH,192,192
y2,16,V,H,VH,167,167
y2,17,V,H,VH,NA,NA
y2,18,V,H,VH,NA,NA
y2,19,V,H,VH,171,277
y2,20,V,H,VH,260,260
y2,22,I,L,IL,129,693
y2,23,I,L,IL,428,428
y2,24,I,L,IL,397,397
y2,25,I,L,IL,NA,NA
y2,26,I,L,IL,355,355
y2,27,I,L,IL,255,255
y2,28,I,L,IL,319,319
y2,29,I,L,IL,136,136
y2,30,I,L,IL,203,203
y2,31,I,L,IL,323,323
y2,32,I,L,IL,346,346
y2,33,I,L,IL,323,323
y2,34,I,L,IL,266,266
y2,35,I,L,IL,323,323
y2,37,I,L,IL,253,253
y2,38,I,L,IL,339,339
y2,39,I,L,IL,358,358
y2,40,I,L,IL,755,755
y2,41,V,L,VL,361,361
y2,43,V,L,VL,192,192
y2,44,V,L,VL,611,611
y2,45,V,L,VL,203,203
y2,46,V,L,VL,NA,NA
y2,47,V,L,VL,228,228
y2,49,V,L,VL,NA,NA
y2,50,V,L,VL,219,219
y2,51,V,L,VL,267,267
y2,52,V,L,VL,168,168
y2,53,V,L,VL,190,190
y2,55,V,L,VL,141,141
y2,56,V,L,VL,232,232
y2,57,V,L,VL,310,310
y2,58,V,L,VL,163,163
y2,59,V,L,VL,366,366
y2,60,V,L,VL,236,236
y2,61,I,H,IH,303,303
y2,63,I,H,IH,504,504
y2,64,I,H,IH,316,316
y2,65,I,H,IH,311,311
y2,66,I,H,IH,370,370
y2,67,I,H,IH,313,313
y2,68,I,H,IH,294,294
y2,70,I,H,IH,268,515
y2,71,I,H,IH,279,279
y2,72,I,H,IH,160,998
y2,73,I,H,IH,253,253
y2,74,I,H,IH,347,347
y2,75,I,H,IH,381,381
y2,76,I,H,IH,183,183
y2,77,I,H,IH,322,322
y2,79,I,H,IH,247,247
y20dxw,1,V,L,VL,345,345
y20dxw,4,V,L,VL,352,352
y20dxw,5,V,L,VL,301,454
y20dxw,6,V,L,VL,197,197
y20dxw,7,V,L,VL,313,313
y20dxw,8,V,L,VL,203,203
y20dxw,9,V,L,VL,356,356
y20dxw,10,V,L,VL,197,465
y20dxw,11,V,L,VL,235,235
y20dxw,12,V,L,VL,244,244
y20dxw,13,V,L,VL,212,780
y20dxw,14,V,L,VL,118,118
y20dxw,15,V,L,VL,94,94
y20dxw,17,V,L,VL,180,180
y20dxw,18,V,L,VL,201,201
y20dxw,19,V,L,VL,134,134
y20dxw,20,V,L,VL,217,217
y20dxw,21,I,H,IH,310,457
y20dxw,22,I,H,IH,428,670
y20dxw,24,I,H,IH,319,464
y20dxw,25,I,H,IH,367,544
y20dxw,26,I,H,IH,531,823
y20dxw,27,I,H,IH,347,721
y20dxw,28,I,H,IH,299,427
y20dxw,31,I,H,IH,332,488
y20dxw,32,I,H,IH,336,569
y20dxw,33,I,H,IH,334,493
y20dxw,34,I,H,IH,286,448
y20dxw,35,I,H,IH,192,601
y20dxw,36,I,H,IH,285,522
y20dxw,38,I,H,IH,286,543
y20dxw,39,I,H,IH,373,602
y20dxw,40,I,H,IH,447,447
y20dxw,41,V,H,VH,258,447
y20dxw,42,V,H,VH,96,199
y20dxw,43,V,H,VH,171,298
y20dxw,44,V,H,VH,151,151
y20dxw,46,V,H,VH,260,260
y20dxw,47,V,H,VH,135,135
y20dxw,48,V,H,VH,265,265
y20dxw,49,V,H,VH,NA,NA
y20dxw,50,V,H,VH,140,297
y20dxw,51,V,H,VH,241,241
y20dxw,52,V,H,VH,218,218
y20dxw,53,V,H,VH,237,237
y20dxw,54,V,H,VH,279,279
y20dxw,55,V,H,VH,209,209
y20dxw,56,V,H,VH,NA,NA
y20dxw,57,V,H,VH,221,221
y20dxw,58,V,H,VH,181,181
y20dxw,61,I,L,IL,326,326
y20dxw,62,I,L,IL,341,555
y20dxw,63,I,L,IL,335,335
y20dxw,65,I,L,IL,466,466
y20dxw,66,I,L,IL,286,476
y20dxw,67,I,L,IL,344,505
y20dxw,68,I,L,IL,494,724
y20dxw,69,I,L,IL,513,513
y20dxw,70,I,L,IL,294,526
y20dxw,71,I,L,IL,509,509
y20dxw,72,I,L,IL,389,561
y20dxw,73,I,L,IL,571,571
y20dxw,74,I,L,IL,171,646
y20dxw,75,I,L,IL,309,503
y20dxw,76,I,L,IL,273,273
y20dxw,78,I,L,IL,371,543
y20dxw,79,I,L,IL,276,361
y20dxw,80,I,L,IL,635,814
y21ty,2,I,H,IH,289,289
y21ty,3,I,H,IH,NA,NA
y21ty,4,I,H,IH,382,382
y21ty,6,I,H,IH,231,374
y21ty,7,I,H,IH,236,236
y21ty,8,I,H,IH,346,346
y21ty,9,I,H,IH,104,104
y21ty,10,I,H,IH,247,379
y21ty,11,I,H,IH,281,281
y21ty,12,I,H,IH,166,166
y21ty,13,I,H,IH,352,352
y21ty,14,I,H,IH,375,375
y21ty,16,I,H,IH,207,495
y21ty,17,I,H,IH,222,222
y21ty,18,I,H,IH,202,352
y21ty,20,I,H,IH,256,256
y21ty,21,V,H,VH,240,240
y21ty,22,V,H,VH,283,283
y21ty,23,V,H,VH,232,232
y21ty,26,V,H,VH,252,252
y21ty,27,V,H,VH,279,279
y21ty,28,V,H,VH,361,361
y21ty,29,V,H,VH,364,364
y21ty,30,V,H,VH,NA,NA
y21ty,31,V,H,VH,182,182
y21ty,32,V,H,VH,216,216
y21ty,33,V,H,VH,289,503
y21ty,34,V,H,VH,NA,NA
y21ty,35,V,H,VH,NA,NA
y21ty,37,V,H,VH,359,657
y21ty,38,V,H,VH,230,230
y21ty,39,V,H,VH,NA,NA
y21ty,40,V,H,VH,188,188
y21ty,41,I,L,IL,260,260
y21ty,42,I,L,IL,400,643
y21ty,43,I,L,IL,NA,NA
y21ty,44,I,L,IL,292,292
y21ty,45,I,L,IL,NA,NA
y21ty,46,I,L,IL,177,177
y21ty,47,I,L,IL,337,337
y21ty,48,I,L,IL,NA,NA
y21ty,49,I,L,IL,NA,NA
y21ty,51,I,L,IL,239,239
y21ty,52,I,L,IL,NA,NA
y21ty,53,I,L,IL,239,391
y21ty,54,I,L,IL,159,159
y21ty,55,I,L,IL,344,344
y21ty,56,I,L,IL,255,402
y21ty,58,I,L,IL,184,184
y21ty,60,I,L,IL,NA,NA
y21ty,62,V,L,VL,273,273
y21ty,63,V,L,VL,287,287
y21ty,64,V,L,VL,167,167
y21ty,65,V,L,VL,166,166
y21ty,66,V,L,VL,103,103
y21ty,68,V,L,VL,218,218
y21ty,69,V,L,VL,194,194
y21ty,70,V,L,VL,169,169
y21ty,71,V,L,VL,181,181
y21ty,72,V,L,VL,296,296
y21ty,73,V,L,VL,209,209
y21ty,74,V,L,VL,261,261
y21ty,75,V,L,VL,210,210
y21ty,76,V,L,VL,200,331
y21ty,77,V,L,VL,309,309
y21ty,78,V,L,VL,171,171
y21ty,79,V,L,VL,NA,NA
y21ty,80,V,L,VL,285,285
y22ml,1,V,H,VH,NA,NA
y22ml,2,V,H,VH,355,355
y22ml,3,V,H,VH,285,285
y22ml,4,V,H,VH,366,366
y22ml,5,V,H,VH,NA,NA
y22ml,6,V,H,VH,156,156
y22ml,8,V,H,VH,222,222
y22ml,9,V,H,VH,194,194
y22ml,10,V,H,VH,NA,NA
y22ml,11,V,H,VH,273,273
y22ml,12,V,H,VH,241,241
y22ml,13,V,H,VH,NA,NA
y22ml,14,V,H,VH,265,265
y22ml,15,V,H,VH,270,270
y22ml,16,V,H,VH,281,281
y22ml,17,V,H,VH,239,239
y22ml,18,V,H,VH,NA,NA
y22ml,20,V,H,VH,221,221
y22ml,21,I,L,IL,295,295
y22ml,22,I,L,IL,NA,NA
y22ml,23,I,L,IL,299,299
y22ml,24,I,L,IL,270,270
y22ml,25,I,L,IL,141,141
y22ml,26,I,L,IL,334,334
y22ml,27,I,L,IL,292,292
y22ml,28,I,L,IL,NA,NA
y22ml,29,I,L,IL,256,607
y22ml,30,I,L,IL,285,285
y22ml,31,I,L,IL,261,261
y22ml,32,I,L,IL,285,285
y22ml,33,I,L,IL,254,254
y22ml,34,I,L,IL,240,240
y22ml,35,I,L,IL,374,374
y22ml,36,I,L,IL,291,291
y22ml,37,I,L,IL,189,189
y22ml,39,I,L,IL,NA,NA
y22ml,40,I,L,IL,188,188
y22ml,41,V,L,VL,308,308
y22ml,42,V,L,VL,259,259
y22ml,43,V,L,VL,177,177
y22ml,44,V,L,VL,556,556
y22ml,45,V,L,VL,NA,NA
y22ml,46,V,L,VL,NA,NA
y22ml,47,V,L,VL,257,257
y22ml,48,V,L,VL,199,199
y22ml,49,V,L,VL,NA,NA
y22ml,50,V,L,VL,240,240
y22ml,51,V,L,VL,NA,NA
y22ml,52,V,L,VL,NA,NA
y22ml,53,V,L,VL,NA,NA
y22ml,54,V,L,VL,NA,NA
y22ml,55,V,L,VL,382,382
y22ml,56,V,L,VL,306,306
y22ml,57,V,L,VL,324,324
y22ml,58,V,L,VL,NA,NA
y22ml,59,V,L,VL,NA,NA
y22ml,60,V,L,VL,317,317
y22ml,61,I,H,IH,361,361
y22ml,62,I,H,IH,203,203
y22ml,63,I,H,IH,332,332
y22ml,64,I,H,IH,341,341
y22ml,65,I,H,IH,241,241
y22ml,66,I,H,IH,414,414
y22ml,67,I,H,IH,652,652
y22ml,68,I,H,IH,196,196
y22ml,69,I,H,IH,182,182
y22ml,70,I,H,IH,271,271
y22ml,71,I,H,IH,399,399
y22ml,72,I,H,IH,320,320
y22ml,73,I,H,IH,417,417
y22ml,74,I,H,IH,242,242
y22ml,75,I,H,IH,280,280
y22ml,76,I,H,IH,NA,NA
y22ml,77,I,H,IH,NA,NA
y22ml,78,I,H,IH,365,365
y22ml,79,I,H,IH,348,348
y22ml,80,I,H,IH,525,525
y23lwj,3,I,L,IL,NA,NA
y23lwj,4,I,L,IL,NA,NA
y23lwj,8,I,L,IL,357,357
y23lwj,9,I,L,IL,NA,NA
y23lwj,10,I,L,IL,227,227
y23lwj,11,I,L,IL,NA,NA
y23lwj,12,I,L,IL,238,238
y23lwj,13,I,L,IL,NA,NA
y23lwj,17,I,L,IL,217,217
y23lwj,18,I,L,IL,276,276
y23lwj,19,I,L,IL,216,216
y23lwj,20,I,L,IL,NA,NA
y23lwj,26,V,L,VL,NA,NA
y23lwj,27,V,L,VL,NA,NA
y23lwj,32,V,L,VL,244,244
y23lwj,33,V,L,VL,NA,NA
y23lwj,35,V,L,VL,NA,NA
y23lwj,36,V,L,VL,NA,NA
y23lwj,37,V,L,VL,NA,NA
y23lwj,38,V,L,VL,NA,NA
y23lwj,39,V,L,VL,267,267
y23lwj,40,V,L,VL,NA,NA
y23lwj,42,I,H,IH,NA,NA
y23lwj,45,I,H,IH,300,300
y23lwj,47,I,H,IH,258,258
y23lwj,48,I,H,IH,NA,NA
y23lwj,49,I,H,IH,NA,NA
y23lwj,51,I,H,IH,NA,NA
y23lwj,52,I,H,IH,177,177
y23lwj,53,I,H,IH,196,196
y23lwj,54,I,H,IH,170,170
y23lwj,57,I,H,IH,NA,NA
y23lwj,58,I,H,IH,NA,NA
y23lwj,61,V,H,VH,NA,NA
y23lwj,63,V,H,VH,188,188
y23lwj,66,V,H,VH,256,256
y23lwj,67,V,H,VH,NA,NA
y23lwj,68,V,H,VH,NA,NA
y23lwj,69,V,H,VH,154,154
y23lwj,71,V,H,VH,NA,NA
y23lwj,73,V,H,VH,NA,NA
y23lwj,74,V,H,VH,NA,NA
y23lwj,76,V,H,VH,NA,NA
y23lwj,78,V,H,VH,NA,NA
y24wzx,1,V,L,VL,349,349
y24wzx,2,V,L,VL,359,359
y24wzx,3,V,L,VL,305,553
y24wzx,4,V,L,VL,355,355
y24wzx,5,V,L,VL,251,251
y24wzx,7,V,L,VL,256,256
y24wzx,8,V,L,VL,275,275
y24wzx,9,V,L,VL,196,196
y24wzx,11,V,L,VL,271,271
y24wzx,14,V,L,VL,357,357
y24wzx,15,V,L,VL,178,178
y24wzx,17,V,L,VL,279,279
y24wzx,18,V,L,VL,535,535
y24wzx,19,V,L,VL,207,207
y24wzx,20,V,L,VL,331,331
y24wzx,21,I,H,IH,340,340
y24wzx,23,I,H,IH,186,186
y24wzx,24,I,H,IH,219,479
y24wzx,25,I,H,IH,349,579
y24wzx,30,I,H,IH,335,335
y24wzx,31,I,H,IH,380,380
y24wzx,32,I,H,IH,321,321
y24wzx,33,I,H,IH,316,316
y24wzx,35,I,H,IH,368,368
y24wzx,36,I,H,IH,285,285
y24wzx,37,I,H,IH,369,668
y24wzx,38,I,H,IH,168,419
y24wzx,39,I,H,IH,227,542
y24wzx,40,I,H,IH,191,427
y24wzx,42,V,H,VH,255,255
y24wzx,43,V,H,VH,205,205
y24wzx,46,V,H,VH,NA,NA
y24wzx,47,V,H,VH,359,359
y24wzx,48,V,H,VH,191,191
y24wzx,49,V,H,VH,328,328
y24wzx,50,V,H,VH,272,272
y24wzx,51,V,H,VH,332,332
y24wzx,52,V,H,VH,224,224
y24wzx,53,V,H,VH,241,241
y24wzx,54,V,H,VH,208,208
y24wzx,55,V,H,VH,136,136
y24wzx,56,V,H,VH,305,305
y24wzx,57,V,H,VH,328,328
y24wzx,58,V,H,VH,298,298
y24wzx,59,V,H,VH,237,237
y24wzx,61,I,L,IL,230,492
y24wzx,62,I,L,IL,207,392
y24wzx,63,I,L,IL,242,444
y24wzx,64,I,L,IL,564,564
y24wzx,66,I,L,IL,289,289
y24wzx,67,I,L,IL,160,393
y24wzx,69,I,L,IL,245,592
y24wzx,70,I,L,IL,461,461
y24wzx,71,I,L,IL,357,357
y24wzx,72,I,L,IL,168,497
y24wzx,73,I,L,IL,349,544
y24wzx,74,I,L,IL,415,415
y24wzx,75,I,L,IL,254,524
y24wzx,78,I,L,IL,342,342
y24wzx,79,I,L,IL,212,393
y25cyl,1,I,H,IH,328,328
y25cyl,2,I,H,IH,298,298
y25cyl,3,I,H,IH,321,321
y25cyl,4,I,H,IH,412,412
y25cyl,6,I,H,IH,403,403
y25cyl,7,I,H,IH,401,401
y25cyl,8,I,H,IH,394,394
y25cyl,10,I,H,IH,415,415
y25cyl,11,I,H,IH,347,347
y25cyl,12,I,H,IH,198,198
y25cyl,13,I,H,IH,354,354
y25cyl,14,I,H,IH,278,278
y25cyl,16,I,H,IH,339,339
y25cyl,17,I,H,IH,305,499
y25cyl,18,I,H,IH,257,400
y25cyl,19,I,H,IH,322,322
y25cyl,20,I,H,IH,169,169
y25cyl,21,V,H,VH,313,313
y25cyl,22,V,H,VH,182,182
y25cyl,23,V,H,VH,NA,NA
y25cyl,24,V,H,VH,397,397
y25cyl,25,V,H,VH,272,272
y25cyl,26,V,H,VH,260,260
y25cyl,27,V,H,VH,483,483
y25cyl,28,V,H,VH,339,339
y25cyl,29,V,H,VH,227,227
y25cyl,30,V,H,VH,197,197
y25cyl,31,V,H,VH,425,425
y25cyl,32,V,H,VH,307,307
y25cyl,33,V,H,VH,319,319
y25cyl,34,V,H,VH,206,206
y25cyl,36,V,H,VH,238,440
y25cyl,37,V,H,VH,219,219
y25cyl,38,V,H,VH,301,301
y25cyl,39,V,H,VH,NA,NA
y25cyl,40,V,H,VH,389,497
y25cyl,41,I,L,IL,646,646
y25cyl,42,I,L,IL,344,344
y25cyl,43,I,L,IL,316,316
y25cyl,44,I,L,IL,428,428
y25cyl,45,I,L,IL,354,354
y25cyl,46,I,L,IL,466,466
y25cyl,47,I,L,IL,285,285
y25cyl,48,I,L,IL,380,380
y25cyl,49,I,L,IL,240,401
y25cyl,50,I,L,IL,319,319
y25cyl,51,I,L,IL,357,357
y25cyl,53,I,L,IL,399,399
y25cyl,54,I,L,IL,237,237
y25cyl,55,I,L,IL,441,441
y25cyl,56,I,L,IL,705,705
y25cyl,57,I,L,IL,587,587
y25cyl,58,I,L,IL,323,323
y25cyl,59,I,L,IL,294,294
y25cyl,60,I,L,IL,527,527
y25cyl,61,V,L,VL,217,217
y25cyl,62,V,L,VL,444,444
y25cyl,63,V,L,VL,218,218
y25cyl,64,V,L,VL,382,382
y25cyl,65,V,L,VL,321,321
y25cyl,66,V,L,VL,260,260
y25cyl,67,V,L,VL,315,315
y25cyl,69,V,L,VL,213,213
y25cyl,72,V,L,VL,494,494
y25cyl,73,V,L,VL,180,180
y25cyl,74,V,L,VL,NA,NA
y25cyl,75,V,L,VL,616,616
y25cyl,76,V,L,VL,210,210
y25cyl,77,V,L,VL,274,274
y25cyl,78,V,L,VL,227,227
y25cyl,79,V,L,VL,305,305
y25cyl,80,V,L,VL,NA,NA
y26ys,1,V,H,VH,162,162
y26ys,2,V,H,VH,NA,NA
y26ys,3,V,H,VH,NA,NA
y26ys,4,V,H,VH,208,208
y26ys,5,V,H,VH,NA,NA
y26ys,7,V,H,VH,156,156
y26ys,9,V,H,VH,102,102
y26ys,10,V,H,VH,NA,NA
y26ys,11,V,H,VH,144,144
y26ys,12,V,H,VH,296,296
y26ys,14,V,H,VH,170,170
y26ys,15,V,H,VH,NA,NA
y26ys,16,V,H,VH,245,245
y26ys,18,V,H,VH,218,218
y26ys,19,V,H,VH,NA,NA
y26ys,20,V,H,VH,NA,NA
y26ys,22,I,L,IL,232,232
y26ys,23,I,L,IL,168,168
y26ys,25,I,L,IL,258,258
y26ys,26,I,L,IL,215,215
y26ys,28,I,L,IL,212,212
y26ys,29,I,L,IL,NA,NA
y26ys,30,I,L,IL,121,121
y26ys,31,I,L,IL,158,158
y26ys,32,I,L,IL,279,279
y26ys,33,I,L,IL,NA,NA
y26ys,36,I,L,IL,219,219
y26ys,37,I,L,IL,132,132
y26ys,38,I,L,IL,NA,NA
y26ys,39,I,L,IL,209,209
y26ys,40,I,L,IL,223,223
y26ys,42,V,L,VL,NA,NA
y26ys,43,V,L,VL,173,173
y26ys,44,V,L,VL,NA,NA
y26ys,45,V,L,VL,177,177
y26ys,46,V,L,VL,NA,NA
y26ys,48,V,L,VL,NA,NA
y26ys,49,V,L,VL,176,176
y26ys,50,V,L,VL,205,205
y26ys,51,V,L,VL,151,151
y26ys,52,V,L,VL,197,197
y26ys,55,V,L,VL,133,133
y26ys,56,V,L,VL,237,237
y26ys,57,V,L,VL,NA,NA
y26ys,58,V,L,VL,NA,NA
y26ys,60,V,L,VL,146,146
y26ys,61,I,H,IH,158,158
y26ys,62,I,H,IH,NA,NA
y26ys,63,I,H,IH,415,415
y26ys,64,I,H,IH,NA,NA
y26ys,65,I,H,IH,NA,NA
y26ys,66,I,H,IH,176,176
y26ys,67,I,H,IH,147,147
y26ys,68,I,H,IH,342,342
y26ys,70,I,H,IH,NA,NA
y26ys,72,I,H,IH,210,210
y26ys,73,I,H,IH,107,107
y26ys,74,I,H,IH,301,301
y26ys,75,I,H,IH,NA,NA
y26ys,77,I,H,IH,NA,NA
y26ys,78,I,H,IH,NA,NA
y26ys,79,I,H,IH,NA,NA
y28wyl,2,V,L,VL,194,194
y28wyl,3,V,L,VL,NA,NA
y28wyl,4,V,L,VL,360,360
y28wyl,5,V,L,VL,311,311
y28wyl,6,V,L,VL,202,202
y28wyl,7,V,L,VL,390,390
y28wyl,8,V,L,VL,248,248
y28wyl,9,V,L,VL,190,190
y28wyl,10,V,L,VL,249,249
y28wyl,11,V,L,VL,244,244
y28wyl,12,V,L,VL,281,281
y28wyl,13,V,L,VL,282,282
y28wyl,14,V,L,VL,162,162
y28wyl,15,V,L,VL,235,235
y28wyl,16,V,L,VL,206,206
y28wyl,17,V,L,VL,202,202
y28wyl,18,V,L,VL,339,339
y28wyl,19,V,L,VL,281,281
y28wyl,20,V,L,VL,206,206
y28wyl,22,I,H,IH,402,701
y28wyl,23,I,H,IH,266,266
y28wyl,24,I,H,IH,271,271
y28wyl,25,I,H,IH,434,434
y28wyl,26,I,H,IH,142,558
y28wyl,27,I,H,IH,299,299
y28wyl,28,I,H,IH,261,261
y28wyl,29,I,H,IH,262,262
y28wyl,30,I,H,IH,294,294
y28wyl,31,I,H,IH,252,252
y28wyl,32,I,H,IH,187,629
y28wyl,33,I,H,IH,NA,NA
y28wyl,34,I,H,IH,305,305
y28wyl,35,I,H,IH,162,271
y28wyl,36,I,H,IH,345,345
y28wyl,37,I,H,IH,180,378
y28wyl,39,I,H,IH,555,555
y28wyl,40,I,H,IH,269,269
y28wyl,41,V,H,VH,413,413
y28wyl,42,V,H,VH,272,272
y28wyl,43,V,H,VH,223,223
y28wyl,44,V,H,VH,254,254
y28wyl,45,V,H,VH,190,190
y28wyl,46,V,H,VH,NA,NA
y28wyl,47,V,H,VH,201,201
y28wyl,48,V,H,VH,191,191
y28wyl,49,V,H,VH,NA,NA
y28wyl,50,V,H,VH,NA,NA
y28wyl,52,V,H,VH,256,256
y28wyl,53,V,H,VH,211,211
y28wyl,54,V,H,VH,NA,NA
y28wyl,55,V,H,VH,290,290
y28wyl,56,V,H,VH,326,326
y28wyl,57,V,H,VH,288,288
y28wyl,59,V,H,VH,281,281
y28wyl,60,V,H,VH,259,259
y28wyl,61,I,L,IL,312,312
y28wyl,62,I,L,IL,464,464
y28wyl,63,I,L,IL,435,654
y28wyl,64,I,L,IL,147,432
y28wyl,66,I,L,IL,292,292
y28wyl,68,I,L,IL,184,184
y28wyl,69,I,L,IL,288,288
y28wyl,70,I,L,IL,242,242
y28wyl,71,I,L,IL,319,319
y28wyl,72,I,L,IL,316,316
y28wyl,73,I,L,IL,320,320
y28wyl,74,I,L,IL,179,329
y28wyl,75,I,L,IL,317,317
y28wyl,76,I,L,IL,324,324
y28wyl,77,I,L,IL,880,880
y28wyl,78,I,L,IL,226,226
y28wyl,79,I,L,IL,544,544
y28wyl,80,I,L,IL,327,327
y29hxl,1,I,H,IH,331,331
y29hxl,2,I,H,IH,175,471
y29hxl,4,I,H,IH,387,387
y29hxl,5,I,H,IH,327,527
y29hxl,9,I,H,IH,304,304
y29hxl,12,I,H,IH,231,231
y29hxl,13,I,H,IH,NA,NA
y29hxl,14,I,H,IH,320,320
y29hxl,15,I,H,IH,350,350
y29hxl,16,I,H,IH,447,447
y29hxl,17,I,H,IH,248,248
y29hxl,18,I,H,IH,303,303
y29hxl,19,I,H,IH,288,288
y29hxl,20,I,H,IH,NA,NA
y29hxl,21,V,H,VH,165,165
y29hxl,22,V,H,VH,158,158
y29hxl,23,V,H,VH,193,193
y29hxl,24,V,H,VH,NA,NA
y29hxl,25,V,H,VH,176,176
y29hxl,27,V,H,VH,153,153
y29hxl,28,V,H,VH,NA,NA
y29hxl,29,V,H,VH,NA,NA
y29hxl,30,V,H,VH,114,114
y29hxl,31,V,H,VH,199,199
y29hxl,33,V,H,VH,NA,NA
y29hxl,37,V,H,VH,211,211
y29hxl,38,V,H,VH,177,177
y29hxl,39,V,H,VH,NA,NA
y29hxl,40,V,H,VH,188,188
y29hxl,42,I,L,IL,372,372
y29hxl,43,I,L,IL,365,365
y29hxl,44,I,L,IL,NA,NA
y29hxl,45,I,L,IL,NA,NA
y29hxl,47,I,L,IL,209,209
y29hxl,48,I,L,IL,NA,NA
y29hxl,49,I,L,IL,336,336
y29hxl,50,I,L,IL,285,285
y29hxl,51,I,L,IL,271,271
y29hxl,52,I,L,IL,NA,NA
y29hxl,53,I,L,IL,NA,NA
y29hxl,54,I,L,IL,NA,NA
y29hxl,55,I,L,IL,477,477
y29hxl,56,I,L,IL,359,359
y29hxl,58,I,L,IL,148,148
y29hxl,59,I,L,IL,455,610
y29hxl,60,I,L,IL,173,173
y29hxl,61,V,L,VL,162,162
y29hxl,62,V,L,VL,NA,NA
y29hxl,63,V,L,VL,205,205
y29hxl,64,V,L,VL,151,151
y29hxl,65,V,L,VL,NA,NA
y29hxl,66,V,L,VL,NA,NA
y29hxl,67,V,L,VL,226,226
y29hxl,68,V,L,VL,211,211
y29hxl,69,V,L,VL,381,381
y29hxl,70,V,L,VL,170,170
y29hxl,72,V,L,VL,185,185
y29hxl,74,V,L,VL,156,156
y29hxl,75,V,L,VL,392,392
y29hxl,77,V,L,VL,221,221
y29hxl,78,V,L,VL,NA,NA
y29hxl,79,V,L,VL,255,255
y29hxl,80,V,L,VL,263,263
y3,3,I,L,IL,NA,NA
y3,4,I,L,IL,260,260
y3,7,I,L,IL,168,168
y3,8,I,L,IL,283,283
y3,10,I,L,IL,162,162
y3,12,I,L,IL,189,189
y3,13,I,L,IL,254,254
y3,14,I,L,IL,148,148
y3,16,I,L,IL,266,266
y3,17,I,L,IL,NA,NA
y3,18,I,L,IL,237,237
y3,19,I,L,IL,463,463
y3,20,I,L,IL,173,173
y3,22,V,L,VL,NA,NA
y3,23,V,L,VL,146,146
y3,24,V,L,VL,246,246
y3,25,V,L,VL,NA,NA
y3,26,V,L,VL,NA,NA
y3,27,V,L,VL,NA,NA
y3,28,V,L,VL,NA,NA
y3,30,V,L,VL,NA,NA
y3,31,V,L,VL,NA,NA
y3,32,V,L,VL,108,108
y3,33,V,L,VL,NA,NA
y3,34,V,L,VL,221,221
y3,35,V,L,VL,NA,NA
y3,36,V,L,VL,182,182
y3,38,V,L,VL,NA,NA
y3,43,I,H,IH,275,275
y3,44,I,H,IH,344,344
y3,46,I,H,IH,345,345
y3,48,I,H,IH,NA,NA
y3,49,I,H,IH,NA,NA
y3,50,I,H,IH,244,244
y3,51,I,H,IH,284,284
y3,54,I,H,IH,NA,NA
y3,55,I,H,IH,333,333
y3,56,I,H,IH,254,254
y3,57,I,H,IH,NA,NA
y3,58,I,H,IH,209,209
y3,60,I,H,IH,NA,NA
y3,61,V,H,VH,NA,NA
y3,62,V,H,VH,168,168
y3,63,V,H,VH,NA,NA
y3,65,V,H,VH,NA,NA
y3,66,V,H,VH,255,255
y3,67,V,H,VH,165,165
y3,68,V,H,VH,172,172
y3,69,V,H,VH,273,273
y3,70,V,H,VH,NA,NA
y3,71,V,H,VH,NA,NA
y3,72,V,H,VH,NA,NA
y3,73,V,H,VH,411,411
y3,74,V,H,VH,NA,NA
y3,76,V,H,VH,222,222
y3,78,V,H,VH,157,157
y3,79,V,H,VH,154,154
y30zsy,1,V,H,VH,193,193
y30zsy,3,V,H,VH,NA,NA
y30zsy,4,V,H,VH,214,214
y30zsy,5,V,H,VH,NA,NA
y30zsy,6,V,H,VH,NA,NA
y30zsy,7,V,H,VH,NA,NA
y30zsy,8,V,H,VH,226,226
y30zsy,10,V,H,VH,NA,NA
y30zsy,11,V,H,VH,154,154
y30zsy,12,V,H,VH,NA,NA
y30zsy,13,V,H,VH,198,198
y30zsy,14,V,H,VH,150,150
y30zsy,15,V,H,VH,183,183
y30zsy,17,V,H,VH,NA,NA
y30zsy,18,V,H,VH,154,154
y30zsy,19,V,H,VH,NA,NA
y30zsy,21,I,L,IL,308,399
y30zsy,22,I,L,IL,NA,NA
y30zsy,23,I,L,IL,208,208
y30zsy,25,I,L,IL,164,164
y30zsy,26,I,L,IL,NA,NA
y30zsy,27,I,L,IL,154,154
y30zsy,28,I,L,IL,204,204
y30zsy,29,I,L,IL,169,371
y30zsy,30,I,L,IL,NA,NA
y30zsy,31,I,L,IL,NA,NA
y30zsy,32,I,L,IL,NA,NA
y30zsy,33,I,L,IL,NA,NA
y30zsy,34,I,L,IL,261,261
y30zsy,35,I,L,IL,144,144
y30zsy,36,I,L,IL,177,177
y30zsy,37,I,L,IL,180,180
y30zsy,38,I,L,IL,241,241
y30zsy,39,I,L,IL,306,490
y30zsy,40,I,L,IL,NA,NA
y30zsy,41,V,L,VL,119,119
y30zsy,42,V,L,VL,247,247
y30zsy,43,V,L,VL,NA,NA
y30zsy,44,V,L,VL,181,181
y30zsy,45,V,L,VL,NA,NA
y30zsy,46,V,L,VL,238,238
y30zsy,48,V,L,VL,NA,NA
y30zsy,49,V,L,VL,NA,NA
y30zsy,50,V,L,VL,NA,NA
y30zsy,51,V,L,VL,NA,NA
y30zsy,52,V,L,VL,NA,NA
y30zsy,53,V,L,VL,177,177
y30zsy,55,V,L,VL,204,323
y30zsy,56,V,L,VL,163,163
y30zsy,58,V,L,VL,261,261
y30zsy,59,V,L,VL,NA,NA
y30zsy,60,V,L,VL,NA,NA
y30zsy,62,I,H,IH,NA,NA
y30zsy,63,I,H,IH,NA,NA
y30zsy,64,I,H,IH,109,109
y30zsy,65,I,H,IH,207,353
y30zsy,66,I,H,IH,243,243
y30zsy,67,I,H,IH,193,193
y30zsy,68,I,H,IH,291,291
y30zsy,69,I,H,IH,304,304
y30zsy,71,I,H,IH,416,416
y30zsy,72,I,H,IH,NA,NA
y30zsy,73,I,H,IH,161,495
y30zsy,74,I,H,IH,NA,NA
y30zsy,75,I,H,IH,170,170
y30zsy,77,I,H,IH,153,153
y30zsy,78,I,H,IH,181,181
y30zsy,79,I,H,IH,182,538
y30zsy,80,I,H,IH,NA,NA
y31wy,1,I,L,IL,300,300
y31wy,3,I,L,IL,176,176
y31wy,4,I,L,IL,312,312
y31wy,6,I,L,IL,344,344
y31wy,8,I,L,IL,242,242
y31wy,10,I,L,IL,435,435
y31wy,11,I,L,IL,343,343
y31wy,12,I,L,IL,191,191
y31wy,14,I,L,IL,137,137
y31wy,15,I,L,IL,223,223
y31wy,16,I,L,IL,349,349
y31wy,17,I,L,IL,366,366
y31wy,18,I,L,IL,252,252
y31wy,19,I,L,IL,307,307
y31wy,20,I,L,IL,NA,NA
y31wy,21,V,L,VL,185,185
y31wy,22,V,L,VL,273,273
y31wy,23,V,L,VL,277,277
y31wy,24,V,L,VL,167,167
y31wy,25,V,L,VL,247,247
y31wy,27,V,L,VL,NA,NA
y31wy,28,V,L,VL,NA,NA
y31wy,29,V,L,VL,250,250
y31wy,32,V,L,VL,NA,NA
y31wy,33,V,L,VL,199,199
y31wy,34,V,L,VL,195,195
y31wy,35,V,L,VL,180,180
y31wy,36,V,L,VL,NA,NA
y31wy,37,V,L,VL,276,276
y31wy,40,V,L,VL,194,194
y31wy,41,I,H,IH,334,334
y31wy,42,I,H,IH,394,394
y31wy,43,I,H,IH,363,363
y31wy,44,I,H,IH,194,194
y31wy,45,I,H,IH,159,159
y31wy,48,I,H,IH,245,245
y31wy,49,I,H,IH,227,227
y31wy,50,I,H,IH,274,274
y31wy,51,I,H,IH,235,235
y31wy,52,I,H,IH,222,222
y31wy,53,I,H,IH,204,204
y31wy,54,I,H,IH,243,243
y31wy,55,I,H,IH,410,410
y31wy,57,I,H,IH,NA,NA
y31wy,58,I,H,IH,282,282
y31wy,61,V,H,VH,175,175
y31wy,62,V,H,VH,268,268
y31wy,63,V,H,VH,318,318
y31wy,65,V,H,VH,NA,NA
y31wy,66,V,H,VH,255,255
y31wy,67,V,H,VH,216,216
y31wy,68,V,H,VH,165,165
y31wy,69,V,H,VH,162,162
y31wy,72,V,H,VH,280,280
y31wy,73,V,H,VH,156,156
y31wy,74,V,H,VH,308,308
y31wy,75,V,H,VH,275,275
y31wy,76,V,H,VH,260,260
y31wy,77,V,H,VH,NA,NA
y31wy,78,V,H,VH,NA,NA
y31wy,79,V,H,VH,NA,NA
y31wy,80,V,H,VH,160,160
y32mzx,1,V,L,VL,266,266
y32mzx,2,V,L,VL,397,397
y32mzx,3,V,L,VL,NA,NA
y32mzx,4,V,L,VL,338,338
y32mzx,6,V,L,VL,NA,NA
y32mzx,7,V,L,VL,287,287
y32mzx,8,V,L,VL,NA,NA
y32mzx,9,V,L,VL,243,243
y32mzx,10,V,L,VL,194,194
y32mzx,11,V,L,VL,NA,NA
y32mzx,12,V,L,VL,NA,NA
y32mzx,13,V,L,VL,368,368
y32mzx,14,V,L,VL,NA,NA
y32mzx,15,V,L,VL,NA,NA
y32mzx,16,V,L,VL,264,264
y32mzx,17,V,L,VL,295,295
y32mzx,18,V,L,VL,172,172
y32mzx,19,V,L,VL,284,284
y32mzx,20,V,L,VL,238,238
y32mzx,21,I,H,IH,NA,NA
y32mzx,22,I,H,IH,388,388
y32mzx,23,I,H,IH,270,270
y32mzx,24,I,H,IH,343,343
y32mzx,26,I,H,IH,226,226
y32mzx,29,I,H,IH,108,248
y32mzx,30,I,H,IH,358,358
y32mzx,31,I,H,IH,304,304
y32mzx,32,I,H,IH,268,268
y32mzx,33,I,H,IH,284,284
y32mzx,35,I,H,IH,189,189
y32mzx,36,I,H,IH,515,515
y32mzx,37,I,H,IH,285,285
y32mzx,38,I,H,IH,NA,NA
y32mzx,39,I,H,IH,324,324
y32mzx,40,I,H,IH,366,366
y32mzx,41,V,H,VH,239,239
y32mzx,42,V,H,VH,284,284
y32mzx,43,V,H,VH,188,188
y32mzx,45,V,H,VH,NA,NA
y32mzx,48,V,H,VH,219,219
y32mzx,49,V,H,VH,NA,NA
y32mzx,50,V,H,VH,230,230
y32mzx,51,V,H,VH,182,182
y32mzx,52,V,H,VH,NA,NA
y32mzx,53,V,H,VH,206,206
y32mzx,54,V,H,VH,NA,NA
y32mzx,55,V,H,VH,NA,NA
y32mzx,56,V,H,VH,200,200
y32mzx,57,V,H,VH,442,442
y32mzx,58,V,H,VH,NA,NA
y32mzx,59,V,H,VH,196,196
y32mzx,60,V,H,VH,220,220
y32mzx,61,I,L,IL,405,405
y32mzx,62,I,L,IL,429,429
y32mzx,63,I,L,IL,423,423
y32mzx,64,I,L,IL,498,498
y32mzx,65,I,L,IL,282,282
y32mzx,66,I,L,IL,396,396
y32mzx,67,I,L,IL,NA,NA
y32mzx,68,I,L,IL,NA,NA
y32mzx,69,I,L,IL,335,335
y32mzx,71,I,L,IL,310,310
y32mzx,72,I,L,IL,254,425
y32mzx,73,I,L,IL,203,203
y32mzx,74,I,L,IL,NA,NA
y32mzx,75,I,L,IL,NA,NA
y32mzx,76,I,L,IL,293,293
y32mzx,77,I,L,IL,371,618
y32mzx,78,I,L,IL,414,414
y32mzx,79,I,L,IL,430,430
y32mzx,80,I,L,IL,367,367
y33dxy,1,I,H,IH,310,310
y33dxy,3,I,H,IH,NA,NA
y33dxy,6,I,H,IH,275,275
y33dxy,7,I,H,IH,301,301
y33dxy,9,I,H,IH,243,243
y33dxy,10,I,H,IH,280,396
y33dxy,11,I,H,IH,NA,NA
y33dxy,13,I,H,IH,NA,NA
y33dxy,14,I,H,IH,183,183
y33dxy,15,I,H,IH,NA,NA
y33dxy,16,I,H,IH,232,232
y33dxy,17,I,H,IH,287,287
y33dxy,19,I,H,IH,257,443
y33dxy,20,I,H,IH,NA,NA
y33dxy,21,V,H,VH,NA,NA
y33dxy,22,V,H,VH,NA,NA
y33dxy,23,V,H,VH,NA,NA
y33dxy,24,V,H,VH,NA,NA
y33dxy,25,V,H,VH,245,245
y33dxy,26,V,H,VH,267,526
y33dxy,28,V,H,VH,NA,NA
y33dxy,29,V,H,VH,NA,NA
y33dxy,32,V,H,VH,NA,NA
y33dxy,34,V,H,VH,228,228
y33dxy,35,V,H,VH,NA,NA
y33dxy,36,V,H,VH,NA,NA
y33dxy,37,V,H,VH,NA,NA
y33dxy,39,V,H,VH,NA,NA
y33dxy,40,V,H,VH,241,241
y33dxy,41,I,L,IL,243,511
y33dxy,42,I,L,IL,NA,NA
y33dxy,43,I,L,IL,263,263
y33dxy,44,I,L,IL,313,313
y33dxy,47,I,L,IL,510,510
y33dxy,48,I,L,IL,197,197
y33dxy,50,I,L,IL,NA,NA
y33dxy,51,I,L,IL,237,237
y33dxy,52,I,L,IL,NA,NA
y33dxy,56,I,L,IL,365,365
y33dxy,57,I,L,IL,362,362
y33dxy,58,I,L,IL,186,186
y33dxy,61,V,L,VL,183,183
y33dxy,62,V,L,VL,NA,NA
y33dxy,63,V,L,VL,NA,NA
y33dxy,65,V,L,VL,253,253
y33dxy,66,V,L,VL,NA,NA
y33dxy,67,V,L,VL,NA,NA
y33dxy,68,V,L,VL,NA,NA
y33dxy,69,V,L,VL,NA,NA
y33dxy,70,V,L,VL,NA,NA
y33dxy,72,V,L,VL,194,194
y33dxy,73,V,L,VL,204,204
y33dxy,74,V,L,VL,NA,NA
y33dxy,75,V,L,VL,197,197
y33dxy,77,V,L,VL,199,199
y33dxy,78,V,L,VL,137,137
y33dxy,79,V,L,VL,NA,NA
y34fsq,1,V,H,VH,187,187
y34fsq,3,V,H,VH,148,148
y34fsq,7,V,H,VH,NA,NA
y34fsq,10,V,H,VH,NA,NA
y34fsq,11,V,H,VH,NA,NA
y34fsq,12,V,H,VH,242,242
y34fsq,13,V,H,VH,NA,NA
y34fsq,14,V,H,VH,270,270
y34fsq,15,V,H,VH,NA,NA
y34fsq,17,V,H,VH,288,288
y34fsq,18,V,H,VH,261,261
y34fsq,20,V,H,VH,NA,NA
y34fsq,21,I,L,IL,252,354
y34fsq,23,I,L,IL,179,179
y34fsq,24,I,L,IL,290,290
y34fsq,25,I,L,IL,229,229
y34fsq,26,I,L,IL,185,185
y34fsq,27,I,L,IL,145,145
y34fsq,28,I,L,IL,NA,NA
y34fsq,29,I,L,IL,NA,NA
y34fsq,31,I,L,IL,294,511
y34fsq,32,I,L,IL,192,192
y34fsq,33,I,L,IL,284,284
y34fsq,34,I,L,IL,229,229
y34fsq,36,I,L,IL,294,294
y34fsq,39,I,L,IL,NA,NA
y34fsq,40,I,L,IL,NA,NA
y34fsq,41,V,L,VL,216,216
y34fsq,42,V,L,VL,NA,NA
y34fsq,46,V,L,VL,NA,NA
y34fsq,47,V,L,VL,247,247
y34fsq,49,V,L,VL,NA,NA
y34fsq,50,V,L,VL,157,157
y34fsq,52,V,L,VL,NA,NA
y34fsq,53,V,L,VL,NA,NA
y34fsq,55,V,L,VL,NA,NA
y34fsq,57,V,L,VL,706,706
y34fsq,59,V,L,VL,287,287
y34fsq,61,I,H,IH,NA,NA
y34fsq,62,I,H,IH,NA,NA
y34fsq,63,I,H,IH,179,179
y34fsq,65,I,H,IH,NA,NA
y34fsq,67,I,H,IH,NA,NA
y34fsq,68,I,H,IH,185,185
y34fsq,69,I,H,IH,NA,NA
y34fsq,70,I,H,IH,92,216
y34fsq,71,I,H,IH,NA,NA
y34fsq,72,I,H,IH,170,170
y34fsq,73,I,H,IH,471,471
y34fsq,74,I,H,IH,NA,NA
y34fsq,76,I,H,IH,254,254
y34fsq,77,I,H,IH,NA,NA
y34fsq,80,I,H,IH,187,187
y35yyh,3,I,L,IL,NA,NA
y35yyh,7,I,L,IL,248,248
y35yyh,11,I,L,IL,283,283
y35yyh,13,I,L,IL,268,268
y35yyh,17,I,L,IL,NA,NA
y35yyh,21,V,L,VL,NA,NA
y35yyh,23,V,L,VL,NA,NA
y35yyh,30,V,L,VL,NA,NA
y35yyh,36,V,L,VL,NA,NA
y35yyh,37,V,L,VL,251,488
y35yyh,39,V,L,VL,NA,NA
y35yyh,40,V,L,VL,186,186
y35yyh,43,I,H,IH,250,250
y35yyh,45,I,H,IH,301,301
y35yyh,50,I,H,IH,170,170
y35yyh,51,I,H,IH,NA,NA
y35yyh,55,I,H,IH,NA,NA
y35yyh,57,I,H,IH,NA,NA
y35yyh,60,I,H,IH,NA,NA
y35yyh,61,V,H,VH,140,140
y35yyh,63,V,H,VH,NA,NA
y35yyh,64,V,H,VH,NA,NA
y35yyh,66,V,H,VH,214,214
y35yyh,71,V,H,VH,NA,NA
y35yyh,74,V,H,VH,NA,NA
y35yyh,75,V,H,VH,NA,NA
y35yyh,76,V,H,VH,270,270
y35yyh,79,V,H,VH,237,237
y36xsz,1,V,L,VL,280,280
y36xsz,2,V,L,VL,231,231
y36xsz,3,V,L,VL,206,206
y36xsz,4,V,L,VL,288,551
y36xsz,5,V,L,VL,NA,NA
y36xsz,6,V,L,VL,239,239
y36xsz,7,V,L,VL,318,318
y36xsz,8,V,L,VL,251,454
y36xsz,9,V,L,VL,285,285
y36xsz,10,V,L,VL,318,318
y36xsz,12,V,L,VL,200,200
y36xsz,13,V,L,VL,NA,NA
y36xsz,14,V,L,VL,NA,NA
y36xsz,15,V,L,VL,215,215
y36xsz,16,V,L,VL,200,555
y36xsz,17,V,L,VL,284,284
y36xsz,18,V,L,VL,329,329
y36xsz,19,V,L,VL,NA,NA
y36xsz,21,I,H,IH,459,459
y36xsz,22,I,H,IH,499,499
y36xsz,23,I,H,IH,256,539
y36xsz,24,I,H,IH,323,323
y36xsz,25,I,H,IH,303,747
y36xsz,27,I,H,IH,600,782
y36xsz,28,I,H,IH,249,249
y36xsz,29,I,H,IH,314,314
y36xsz,30,I,H,IH,300,300
y36xsz,31,I,H,IH,461,461
y36xsz,32,I,H,IH,249,461
y36xsz,33,I,H,IH,252,252
y36xsz,34,I,H,IH,276,450
y36xsz,36,I,H,IH,398,398
y36xsz,37,I,H,IH,222,450
y36xsz,38,I,H,IH,214,214
y36xsz,39,I,H,IH,303,303
y36xsz,40,I,H,IH,396,396
y36xsz,41,V,H,VH,192,192
y36xsz,43,V,H,VH,283,283
y36xsz,44,V,H,VH,195,195
y36xsz,45,V,H,VH,338,338
y36xsz,46,V,H,VH,135,135
y36xsz,47,V,H,VH,NA,NA
y36xsz,48,V,H,VH,228,228
y36xsz,49,V,H,VH,220,220
y36xsz,50,V,H,VH,118,118
y36xsz,51,V,H,VH,NA,NA
y36xsz,52,V,H,VH,135,135
y36xsz,53,V,H,VH,180,180
y36xsz,54,V,H,VH,236,236
y36xsz,55,V,H,VH,244,244
y36xsz,58,V,H,VH,290,290
y36xsz,59,V,H,VH,154,154
y36xsz,60,V,H,VH,228,228
y36xsz,62,I,L,IL,243,243
y36xsz,63,I,L,IL,307,307
y36xsz,64,I,L,IL,264,469
y36xsz,65,I,L,IL,307,307
y36xsz,67,I,L,IL,364,364
y36xsz,68,I,L,IL,215,520
y36xsz,69,I,L,IL,386,386
y36xsz,70,I,L,IL,432,432
y36xsz,71,I,L,IL,247,247
y36xsz,72,I,L,IL,304,707
y36xsz,73,I,L,IL,349,349
y36xsz,74,I,L,IL,351,351
y36xsz,75,I,L,IL,227,411
y36xsz,76,I,L,IL,237,237
y36xsz,78,I,L,IL,527,527
y36xsz,79,I,L,IL,403,403
y36xsz,80,I,L,IL,229,676
y38lll,1,V,H,VH,213,213
y38lll,2,V,H,VH,NA,NA
y38lll,3,V,H,VH,NA,NA
y38lll,6,V,H,VH,307,307
y38lll,7,V,H,VH,NA,NA
y38lll,11,V,H,VH,NA,NA
y38lll,12,V,H,VH,NA,NA
y38lll,13,V,H,VH,300,300
y38lll,14,V,H,VH,NA,NA
y38lll,15,V,H,VH,NA,NA
y38lll,16,V,H,VH,NA,NA
y38lll,17,V,H,VH,321,321
y38lll,19,V,H,VH,226,226
y38lll,20,V,H,VH,141,141
y38lll,24,I,L,IL,432,432
y38lll,25,I,L,IL,210,471
y38lll,26,I,L,IL,164,353
y38lll,28,I,L,IL,205,367
y38lll,30,I,L,IL,412,412
y38lll,31,I,L,IL,535,535
y38lll,33,I,L,IL,188,188
y38lll,36,I,L,IL,128,128
y38lll,37,I,L,IL,352,352
y38lll,38,I,L,IL,NA,NA
y38lll,39,I,L,IL,198,198
y38lll,40,I,L,IL,NA,NA
y38lll,42,V,L,VL,227,227
y38lll,43,V,L,VL,198,198
y38lll,44,V,L,VL,NA,NA
y38lll,45,V,L,VL,NA,NA
y38lll,46,V,L,VL,194,194
y38lll,48,V,L,VL,181,181
y38lll,49,V,L,VL,NA,NA
y38lll,50,V,L,VL,NA,NA
y38lll,51,V,L,VL,NA,NA
y38lll,52,V,L,VL,NA,NA
y38lll,56,V,L,VL,351,351
y38lll,60,V,L,VL,NA,NA
y38lll,61,I,H,IH,309,559
y38lll,62,I,H,IH,NA,NA
y38lll,63,I,H,IH,300,300
y38lll,64,I,H,IH,252,252
y38lll,66,I,H,IH,NA,NA
y38lll,67,I,H,IH,367,367
y38lll,68,I,H,IH,170,170
y38lll,69,I,H,IH,170,326
y38lll,70,I,H,IH,114,114
y38lll,71,I,H,IH,190,190
y38lll,72,I,H,IH,296,467
y38lll,74,I,H,IH,174,174
y38lll,75,I,H,IH,134,134
y38lll,76,I,H,IH,275,275
y38lll,77,I,H,IH,223,223
y38lll,79,I,H,IH,176,176
y39dmz,1,I,L,IL,NA,NA
y39dmz,2,I,L,IL,NA,NA
y39dmz,3,I,L,IL,NA,NA
y39dmz,5,I,L,IL,NA,NA
y39dmz,6,I,L,IL,NA,NA
y39dmz,12,I,L,IL,NA,NA
y39dmz,14,I,L,IL,NA,NA
y39dmz,15,I,L,IL,NA,NA
y39dmz,17,I,L,IL,NA,NA
y39dmz,18,I,L,IL,NA,NA
y39dmz,21,V,L,VL,NA,NA
y39dmz,24,V,L,VL,237,237
y39dmz,25,V,L,VL,NA,NA
y39dmz,28,V,L,VL,NA,NA
y39dmz,29,V,L,VL,NA,NA
y39dmz,31,V,L,VL,NA,NA
y39dmz,33,V,L,VL,NA,NA
y39dmz,36,V,L,VL,NA,NA
y39dmz,37,V,L,VL,NA,NA
y39dmz,39,V,L,VL,NA,NA
y39dmz,40,V,L,VL,NA,NA
y39dmz,47,I,H,IH,NA,NA
y39dmz,49,I,H,IH,NA,NA
y39dmz,50,I,H,IH,210,210
y39dmz,51,I,H,IH,NA,NA
y39dmz,52,I,H,IH,NA,NA
y39dmz,53,I,H,IH,NA,NA
y39dmz,60,I,H,IH,NA,NA
y39dmz,65,V,H,VH,NA,NA
y39dmz,67,V,H,VH,NA,NA
y39dmz,71,V,H,VH,NA,NA
y39dmz,72,V,H,VH,NA,NA
y39dmz,74,V,H,VH,NA,NA
y39dmz,75,V,H,VH,NA,NA
y39dmz,76,V,H,VH,NA,NA
y39dmz,77,V,H,VH,NA,NA
y39dmz,79,V,H,VH,272,272
y40wgs,1,V,L,VL,NA,NA
y40wgs,3,V,L,VL,164,164
y40wgs,7,V,L,VL,186,186
y40wgs,9,V,L,VL,191,191
y40wgs,10,V,L,VL,NA,NA
y40wgs,12,V,L,VL,NA,NA
y40wgs,13,V,L,VL,NA,NA
y40wgs,15,V,L,VL,NA,NA
y40wgs,16,V,L,VL,175,175
y40wgs,18,V,L,VL,NA,NA
y40wgs,19,V,L,VL,172,172
y40wgs,20,V,L,VL,NA,NA
y40wgs,22,I,H,IH,NA,NA
y40wgs,23,I,H,IH,NA,NA
y40wgs,24,I,H,IH,175,175
y40wgs,26,I,H,IH,211,211
y40wgs,28,I,H,IH,230,230
y40wgs,29,I,H,IH,203,512
y40wgs,30,I,H,IH,278,278
y40wgs,32,I,H,IH,218,218
y40wgs,34,I,H,IH,NA,NA
y40wgs,36,I,H,IH,180,180
y40wgs,37,I,H,IH,232,232
y40wgs,38,I,H,IH,NA,NA
y40wgs,39,I,H,IH,NA,NA
y40wgs,42,V,H,VH,200,200
y40wgs,44,V,H,VH,183,183
y40wgs,45,V,H,VH,87,87
y40wgs,46,V,H,VH,NA,NA
y40wgs,47,V,H,VH,109,109
y40wgs,48,V,H,VH,148,148
y40wgs,49,V,H,VH,NA,NA
y40wgs,51,V,H,VH,NA,NA
y40wgs,52,V,H,VH,NA,NA
y40wgs,53,V,H,VH,NA,NA
y40wgs,54,V,H,VH,NA,NA
y40wgs,55,V,H,VH,NA,NA
y40wgs,56,V,H,VH,201,201
y40wgs,57,V,H,VH,NA,NA
y40wgs,59,V,H,VH,NA,NA
y40wgs,60,V,H,VH,NA,NA
y40wgs,61,I,L,IL,NA,NA
y40wgs,62,I,L,IL,173,173
y40wgs,63,I,L,IL,189,189
y40wgs,65,I,L,IL,NA,NA
y40wgs,66,I,L,IL,219,219
y40wgs,67,I,L,IL,165,165
y40wgs,68,I,L,IL,280,280
y40wgs,69,I,L,IL,243,243
y40wgs,72,I,L,IL,246,246
y40wgs,73,I,L,IL,NA,NA
y40wgs,74,I,L,IL,167,167
y40wgs,76,I,L,IL,237,237
y40wgs,77,I,L,IL,NA,NA
y40wgs,78,I,L,IL,NA,NA
y40wgs,79,I,L,IL,167,167
y40wgs,80,I,L,IL,NA,NA
y41xff,1,I,H,IH,263,263
y41xff,3,I,H,IH,391,391
y41xff,4,I,H,IH,473,609
y41xff,6,I,H,IH,328,328
y41xff,7,I,H,IH,270,270
y41xff,8,I,H,IH,281,281
y41xff,9,I,H,IH,369,369
y41xff,10,I,H,IH,182,518
y41xff,11,I,H,IH,342,342
y41xff,12,I,H,IH,494,494
y41xff,13,I,H,IH,327,327
y41xff,14,I,H,IH,195,302
y41xff,15,I,H,IH,419,419
y41xff,16,I,H,IH,335,335
y41xff,17,I,H,IH,234,234
y41xff,18,I,H,IH,349,349
y41xff,20,I,H,IH,290,290
y41xff,21,V,H,VH,163,163
y41xff,23,V,H,VH,187,187
y41xff,24,V,H,VH,153,153
y41xff,26,V,H,VH,NA,NA
y41xff,27,V,H,VH,204,204
y41xff,28,V,H,VH,NA,NA
y41xff,29,V,H,VH,NA,NA
y41xff,30,V,H,VH,NA,NA
y41xff,31,V,H,VH,226,226
y41xff,32,V,H,VH,NA,NA
y41xff,34,V,H,VH,210,210
y41xff,35,V,H,VH,162,162
y41xff,36,V,H,VH,173,173
y41xff,37,V,H,VH,NA,NA
y41xff,38,V,H,VH,NA,NA
y41xff,39,V,H,VH,174,174
y41xff,40,V,H,VH,186,186
y41xff,42,I,L,IL,221,221
y41xff,43,I,L,IL,506,506
y41xff,45,I,L,IL,189,189
y41xff,46,I,L,IL,431,431
y41xff,47,I,L,IL,346,346
y41xff,48,I,L,IL,NA,NA
y41xff,49,I,L,IL,325,325
y41xff,50,I,L,IL,293,293
y41xff,51,I,L,IL,427,427
y41xff,52,I,L,IL,NA,NA
y41xff,53,I,L,IL,404,404
y41xff,55,I,L,IL,NA,NA
y41xff,56,I,L,IL,370,370
y41xff,57,I,L,IL,259,259
y41xff,58,I,L,IL,363,363
y41xff,59,I,L,IL,NA,NA
y41xff,60,I,L,IL,360,360
y41xff,61,V,L,VL,NA,NA
y41xff,63,V,L,VL,182,182
y41xff,64,V,L,VL,NA,NA
y41xff,65,V,L,VL,NA,NA
y41xff,66,V,L,VL,NA,NA
y41xff,67,V,L,VL,NA,NA
y41xff,68,V,L,VL,NA,NA
y41xff,69,V,L,VL,NA,NA
y41xff,70,V,L,VL,182,182
y41xff,71,V,L,VL,192,192
y41xff,72,V,L,VL,256,256
y41xff,74,V,L,VL,279,279
y41xff,75,V,L,VL,NA,NA
y41xff,76,V,L,VL,273,273
y41xff,77,V,L,VL,312,312
y41xff,78,V,L,VL,NA,NA
y41xff,79,V,L,VL,185,185
y41xff,80,V,L,VL,185,185
y42wyt,1,V,H,VH,196,196
y42wyt,3,V,H,VH,161,161
y42wyt,4,V,H,VH,250,250
y42wyt,6,V,H,VH,206,206
y42wyt,7,V,H,VH,268,268
y42wyt,9,V,H,VH,NA,NA
y42wyt,11,V,H,VH,NA,NA
y42wyt,12,V,H,VH,NA,NA
y42wyt,13,V,H,VH,199,199
y42wyt,14,V,H,VH,148,148
y42wyt,15,V,H,VH,231,231
y42wyt,16,V,H,VH,191,191
y42wyt,17,V,H,VH,197,197
y42wyt,18,V,H,VH,397,397
y42wyt,19,V,H,VH,215,215
y42wyt,20,V,H,VH,186,186
y42wyt,21,I,L,IL,387,387
y42wyt,22,I,L,IL,496,496
y42wyt,23,I,L,IL,281,281
y42wyt,24,I,L,IL,277,277
y42wyt,25,I,L,IL,291,291
y42wyt,26,I,L,IL,262,262
y42wyt,27,I,L,IL,388,388
y42wyt,28,I,L,IL,193,193
y42wyt,30,I,L,IL,192,390
y42wyt,31,I,L,IL,413,413
y42wyt,32,I,L,IL,351,351
y42wyt,33,I,L,IL,109,315
y42wyt,34,I,L,IL,356,356
y42wyt,36,I,L,IL,380,380
y42wyt,37,I,L,IL,401,401
y42wyt,40,I,L,IL,169,169
y42wyt,41,V,L,VL,231,231
y42wyt,42,V,L,VL,166,166
y42wyt,43,V,L,VL,NA,NA
y42wyt,44,V,L,VL,562,761
y42wyt,46,V,L,VL,207,207
y42wyt,47,V,L,VL,302,302
y42wyt,48,V,L,VL,NA,NA
y42wyt,49,V,L,VL,164,164
y42wyt,50,V,L,VL,211,211
y42wyt,51,V,L,VL,202,202
y42wyt,52,V,L,VL,NA,NA
y42wyt,53,V,L,VL,311,311
y42wyt,54,V,L,VL,181,181
y42wyt,55,V,L,VL,277,277
y42wyt,56,V,L,VL,256,256
y42wyt,57,V,L,VL,252,252
y42wyt,58,V,L,VL,237,237
y42wyt,59,V,L,VL,198,198
y42wyt,60,V,L,VL,NA,NA
y42wyt,61,I,H,IH,357,357
y42wyt,62,I,H,IH,238,238
y42wyt,63,I,H,IH,284,284
y42wyt,64,I,H,IH,249,249
y42wyt,65,I,H,IH,300,300
y42wyt,66,I,H,IH,283,426
y42wyt,67,I,H,IH,308,393
y42wyt,68,I,H,IH,441,441
y42wyt,69,I,H,IH,343,343
y42wyt,71,I,H,IH,241,241
y42wyt,72,I,H,IH,131,413
y42wyt,73,I,H,IH,354,354
y42wyt,74,I,H,IH,189,189
y42wyt,75,I,H,IH,198,198
y42wyt,76,I,H,IH,331,331
y42wyt,77,I,H,IH,283,283
y42wyt,78,I,H,IH,NA,NA
y42wyt,79,I,H,IH,192,192
y42wyt,80,I,H,IH,344,344
y43fym,1,I,L,IL,377,377
y43fym,3,I,L,IL,NA,NA
y43fym,5,I,L,IL,NA,NA
y43fym,6,I,L,IL,NA,NA
y43fym,7,I,L,IL,NA,NA
y43fym,9,I,L,IL,NA,NA
y43fym,10,I,L,IL,421,421
y43fym,12,I,L,IL,302,302
y43fym,14,I,L,IL,NA,NA
y43fym,15,I,L,IL,271,271
y43fym,17,I,L,IL,NA,NA
y43fym,19,I,L,IL,NA,NA
y43fym,20,I,L,IL,285,285
y43fym,22,V,L,VL,156,156
y43fym,23,V,L,VL,226,226
y43fym,25,V,L,VL,NA,NA
y43fym,27,V,L,VL,NA,NA
y43fym,28,V,L,VL,275,275
y43fym,29,V,L,VL,374,374
y43fym,30,V,L,VL,295,295
y43fym,31,V,L,VL,NA,NA
y43fym,32,V,L,VL,NA,NA
y43fym,33,V,L,VL,NA,NA
y43fym,36,V,L,VL,NA,NA
y43fym,38,V,L,VL,NA,NA
y43fym,42,I,H,IH,246,246
y43fym,43,I,H,IH,NA,NA
y43fym,44,I,H,IH,NA,NA
y43fym,45,I,H,IH,352,352
y43fym,46,I,H,IH,NA,NA
y43fym,48,I,H,IH,400,400
y43fym,49,I,H,IH,NA,NA
y43fym,50,I,H,IH,366,366
y43fym,51,I,H,IH,314,314
y43fym,52,I,H,IH,417,417
y43fym,53,I,H,IH,NA,NA
y43fym,55,I,H,IH,NA,NA
y43fym,56,I,H,IH,NA,NA
y43fym,57,I,H,IH,NA,NA
y43fym,58,I,H,IH,242,242
y43fym,60,I,H,IH,NA,NA
y43fym,62,V,H,VH,NA,NA
y43fym,63,V,H,VH,196,196
y43fym,64,V,H,VH,NA,NA
y43fym,65,V,H,VH,NA,NA
y43fym,68,V,H,VH,244,244
y43fym,69,V,H,VH,NA,NA
y43fym,72,V,H,VH,248,248
y43fym,73,V,H,VH,NA,NA
y43fym,74,V,H,VH,NA,NA
y43fym,75,V,H,VH,NA,NA
y43fym,77,V,H,VH,NA,NA
y43fym,78,V,H,VH,NA,NA
y43fym,79,V,H,VH,NA,NA
y44wyr,1,V,L,VL,NA,NA
y44wyr,2,V,L,VL,NA,NA
y44wyr,4,V,L,VL,244,244
y44wyr,5,V,L,VL,NA,NA
y44wyr,6,V,L,VL,NA,NA
y44wyr,7,V,L,VL,NA,NA
y44wyr,8,V,L,VL,260,260
y44wyr,9,V,L,VL,470,470
y44wyr,10,V,L,VL,NA,NA
y44wyr,11,V,L,VL,NA,NA
y44wyr,12,V,L,VL,174,174
y44wyr,13,V,L,VL,157,157
y44wyr,14,V,L,VL,NA,NA
y44wyr,15,V,L,VL,166,166
y44wyr,16,V,L,VL,NA,NA
y44wyr,17,V,L,VL,NA,NA
y44wyr,18,V,L,VL,NA,NA
y44wyr,19,V,L,VL,NA,NA
y44wyr,20,V,L,VL,NA,NA
y44wyr,21,I,H,IH,NA,NA
y44wyr,22,I,H,IH,NA,NA
y44wyr,23,I,H,IH,NA,NA
y44wyr,25,I,H,IH,206,206
y44wyr,26,I,H,IH,NA,NA
y44wyr,27,I,H,IH,NA,NA
y44wyr,28,I,H,IH,164,164
y44wyr,29,I,H,IH,337,337
y44wyr,30,I,H,IH,NA,NA
y44wyr,32,I,H,IH,234,402
y44wyr,33,I,H,IH,NA,NA
y44wyr,35,I,H,IH,264,264
y44wyr,36,I,H,IH,241,241
y44wyr,37,I,H,IH,133,133
y44wyr,38,I,H,IH,334,334
y44wyr,39,I,H,IH,NA,NA
y44wyr,41,V,H,VH,NA,NA
y44wyr,42,V,H,VH,NA,NA
y44wyr,43,V,H,VH,164,164
y44wyr,44,V,H,VH,270,270
y44wyr,45,V,H,VH,NA,NA
y44wyr,46,V,H,VH,NA,NA
y44wyr,48,V,H,VH,NA,NA
y44wyr,49,V,H,VH,NA,NA
y44wyr,51,V,H,VH,152,152
y44wyr,52,V,H,VH,NA,NA
y44wyr,53,V,H,VH,NA,NA
y44wyr,54,V,H,VH,103,261
y44wyr,55,V,H,VH,NA,NA
y44wyr,57,V,H,VH,NA,NA
y44wyr,58,V,H,VH,NA,NA
y44wyr,59,V,H,VH,NA,NA
y44wyr,60,V,H,VH,NA,NA
y44wyr,61,I,L,IL,NA,NA
y44wyr,62,I,L,IL,NA,NA
y44wyr,63,I,L,IL,258,258
y44wyr,64,I,L,IL,214,214
y44wyr,65,I,L,IL,NA,NA
y44wyr,66,I,L,IL,NA,NA
y44wyr,67,I,L,IL,NA,NA
y44wyr,68,I,L,IL,253,253
y44wyr,69,I,L,IL,NA,NA
y44wyr,71,I,L,IL,NA,NA
y44wyr,72,I,L,IL,273,273
y44wyr,73,I,L,IL,530,530
y44wyr,75,I,L,IL,NA,NA
y44wyr,76,I,L,IL,NA,NA
y44wyr,77,I,L,IL,327,327
y44wyr,78,I,L,IL,NA,NA
y44wyr,79,I,L,IL,292,292
y44wyr,80,I,L,IL,381,381
y45zsy,1,I,H,IH,207,387
y45zsy,2,I,H,IH,459,459
y45zsy,3,I,H,IH,NA,NA
y45zsy,4,I,H,IH,177,534
y45zsy,5,I,H,IH,326,326
y45zsy,6,I,H,IH,341,341
y45zsy,7,I,H,IH,277,277
y45zsy,8,I,H,IH,384,384
y45zsy,9,I,H,IH,265,265
y45zsy,10,I,H,IH,248,467
y45zsy,11,I,H,IH,420,420
y45zsy,12,I,H,IH,259,259
y45zsy,13,I,H,IH,229,229
y45zsy,14,I,H,IH,314,813
y45zsy,15,I,H,IH,265,265
y45zsy,17,I,H,IH,439,439
y45zsy,18,I,H,IH,188,188
y45zsy,19,I,H,IH,351,351
y45zsy,20,I,H,IH,222,470
y45zsy,21,V,H,VH,288,712
y45zsy,22,V,H,VH,291,645
y45zsy,24,V,H,VH,173,173
y45zsy,25,V,H,VH,131,383
y45zsy,26,V,H,VH,276,276
y45zsy,27,V,H,VH,233,402
y45zsy,29,V,H,VH,183,312
y45zsy,30,V,H,VH,NA,NA
y45zsy,31,V,H,VH,335,335
y45zsy,33,V,H,VH,198,198
y45zsy,34,V,H,VH,275,533
y45zsy,35,V,H,VH,224,224
y45zsy,36,V,H,VH,210,210
y45zsy,38,V,H,VH,285,285
y45zsy,39,V,H,VH,224,342
y45zsy,40,V,H,VH,222,499
y45zsy,41,I,L,IL,253,449
y45zsy,42,I,L,IL,143,650
y45zsy,43,I,L,IL,200,350
y45zsy,44,I,L,IL,100,334
y45zsy,45,I,L,IL,242,242
y45zsy,46,I,L,IL,249,506
y45zsy,47,I,L,IL,136,535
y45zsy,48,I,L,IL,241,241
y45zsy,49,I,L,IL,NA,NA
y45zsy,50,I,L,IL,311,311
y45zsy,52,I,L,IL,310,310
y45zsy,53,I,L,IL,333,333
y45zsy,54,I,L,IL,268,711
y45zsy,56,I,L,IL,260,260
y45zsy,57,I,L,IL,274,541
y45zsy,58,I,L,IL,281,281
y45zsy,59,I,L,IL,278,278
y45zsy,60,I,L,IL,310,310
y45zsy,61,V,L,VL,241,658
y45zsy,62,V,L,VL,137,137
y45zsy,63,V,L,VL,326,326
y45zsy,64,V,L,VL,278,1088
y45zsy,65,V,L,VL,207,207
y45zsy,67,V,L,VL,223,223
y45zsy,69,V,L,VL,227,227
y45zsy,70,V,L,VL,402,402
y45zsy,71,V,L,VL,283,283
y45zsy,74,V,L,VL,177,177
y45zsy,75,V,L,VL,176,176
y45zsy,76,V,L,VL,392,392
y45zsy,77,V,L,VL,471,471
y45zsy,78,V,L,VL,257,257
y45zsy,79,V,L,VL,232,565
y45zsy,80,V,L,VL,312,312
y46hn,1,V,H,VH,181,181
y46hn,3,V,H,VH,NA,NA
y46hn,4,V,H,VH,260,260
y46hn,5,V,H,VH,158,158
y46hn,6,V,H,VH,305,305
y46hn,7,V,H,VH,201,201
y46hn,8,V,H,VH,194,194
y46hn,9,V,H,VH,164,164
y46hn,10,V,H,VH,244,244
y46hn,11,V,H,VH,228,474
y46hn,13,V,H,VH,506,506
y46hn,14,V,H,VH,NA,NA
y46hn,15,V,H,VH,197,197
y46hn,16,V,H,VH,153,153
y46hn,17,V,H,VH,249,484
y46hn,18,V,H,VH,325,325
y46hn,19,V,H,VH,242,414
y46hn,20,V,H,VH,NA,NA
y46hn,21,I,L,IL,446,446
y46hn,24,I,L,IL,366,513
y46hn,25,I,L,IL,133,133
y46hn,26,I,L,IL,334,460
y46hn,27,I,L,IL,332,457
y46hn,28,I,L,IL,315,450
y46hn,29,I,L,IL,479,479
y46hn,30,I,L,IL,530,530
y46hn,31,I,L,IL,426,426
y46hn,32,I,L,IL,276,444
y46hn,34,I,L,IL,132,132
y46hn,35,I,L,IL,436,579
y46hn,36,I,L,IL,318,464
y46hn,37,I,L,IL,385,673
y46hn,38,I,L,IL,265,495
y46hn,39,I,L,IL,279,431
y46hn,40,I,L,IL,381,529
y46hn,41,V,L,VL,182,182
y46hn,42,V,L,VL,211,370
y46hn,43,V,L,VL,NA,NA
y46hn,44,V,L,VL,239,239
y46hn,45,V,L,VL,182,182
y46hn,46,V,L,VL,172,425
y46hn,47,V,L,VL,138,138
y46hn,49,V,L,VL,425,425
y46hn,50,V,L,VL,268,510
y46hn,51,V,L,VL,186,186
y46hn,52,V,L,VL,597,597
y46hn,53,V,L,VL,547,793
y46hn,54,V,L,VL,166,166
y46hn,55,V,L,VL,226,226
y46hn,56,V,L,VL,241,611
y46hn,58,V,L,VL,186,328
y46hn,60,V,L,VL,271,271
y46hn,62,I,H,IH,177,448
y46hn,63,I,H,IH,201,201
y46hn,65,I,H,IH,461,641
y46hn,66,I,H,IH,368,527
y46hn,67,I,H,IH,309,464
y46hn,68,I,H,IH,173,173
y46hn,69,I,H,IH,457,647
y46hn,70,I,H,IH,412,562
y46hn,71,I,H,IH,264,394
y46hn,72,I,H,IH,351,522
y46hn,73,I,H,IH,247,247
y46hn,74,I,H,IH,342,342
y46hn,75,I,H,IH,341,472
y46hn,76,I,H,IH,271,271
y46hn,77,I,H,IH,318,533
y46hn,78,I,H,IH,512,512
y46hn,79,I,H,IH,358,537
y46hn,80,I,H,IH,418,548
y47zjc,1,I,L,IL,490,490
y47zjc,2,I,L,IL,281,281
y47zjc,3,I,L,IL,777,878
y47zjc,4,I,L,IL,187,187
y47zjc,5,I,L,IL,609,609
y47zjc,6,I,L,IL,133,133
y47zjc,7,I,L,IL,202,202
y47zjc,8,I,L,IL,328,328
y47zjc,9,I,L,IL,669,1073
y47zjc,10,I,L,IL,502,701
y47zjc,11,I,L,IL,488,488
y47zjc,12,I,L,IL,221,221
y47zjc,13,I,L,IL,452,846
y47zjc,14,I,L,IL,357,357
y47zjc,16,I,L,IL,597,1027
y47zjc,17,I,L,IL,464,1183
y47zjc,22,V,L,VL,209,209
y47zjc,23,V,L,VL,226,226
y47zjc,24,V,L,VL,NA,NA
y47zjc,25,V,L,VL,276,276
y47zjc,27,V,L,VL,265,265
y47zjc,28,V,L,VL,292,292
y47zjc,30,V,L,VL,268,268
y47zjc,31,V,L,VL,185,451
y47zjc,32,V,L,VL,237,237
y47zjc,33,V,L,VL,243,243
y47zjc,35,V,L,VL,159,159
y47zjc,36,V,L,VL,259,259
y47zjc,37,V,L,VL,224,224
y47zjc,39,V,L,VL,186,407
y47zjc,40,V,L,VL,211,378
y47zjc,42,I,H,IH,544,941
y47zjc,43,I,H,IH,319,962
y47zjc,44,I,H,IH,218,1369
y47zjc,46,I,H,IH,601,1533
y47zjc,48,I,H,IH,478,948
y47zjc,49,I,H,IH,467,1604
y47zjc,51,I,H,IH,638,638
y47zjc,52,I,H,IH,NA,NA
y47zjc,53,I,H,IH,210,210
y47zjc,54,I,H,IH,NA,NA
y47zjc,55,I,H,IH,526,1517
y47zjc,56,I,H,IH,269,269
y47zjc,58,I,H,IH,616,616
y47zjc,60,I,H,IH,124,124
y47zjc,61,V,H,VH,134,134
y47zjc,62,V,H,VH,185,332
y47zjc,63,V,H,VH,249,414
y47zjc,64,V,H,VH,NA,NA
y47zjc,65,V,H,VH,164,164
y47zjc,68,V,H,VH,NA,NA
y47zjc,69,V,H,VH,180,180
y47zjc,71,V,H,VH,241,241
y47zjc,72,V,H,VH,195,195
y47zjc,73,V,H,VH,175,175
y47zjc,74,V,H,VH,364,364
y47zjc,75,V,H,VH,241,241
y47zjc,76,V,H,VH,203,203
y47zjc,77,V,H,VH,188,188
y47zjc,78,V,H,VH,279,430
y47zjc,79,V,H,VH,194,194
y48kl,1,V,L,VL,269,269
y48kl,3,V,L,VL,NA,NA
y48kl,4,V,L,VL,297,297
y48kl,5,V,L,VL,215,215
y48kl,6,V,L,VL,NA,NA
y48kl,7,V,L,VL,101,101
y48kl,8,V,L,VL,331,331
y48kl,9,V,L,VL,251,440
y48kl,10,V,L,VL,251,251
y48kl,11,V,L,VL,122,122
y48kl,12,V,L,VL,213,213
y48kl,13,V,L,VL,225,225
y48kl,14,V,L,VL,190,190
y48kl,15,V,L,VL,NA,NA
y48kl,16,V,L,VL,471,471
y48kl,17,V,L,VL,227,379
y48kl,18,V,L,VL,295,295
y48kl,19,V,L,VL,NA,NA
y48kl,20,V,L,VL,210,610
y48kl,21,I,H,IH,384,384
y48kl,22,I,H,IH,340,340
y48kl,23,I,H,IH,548,548
y48kl,24,I,H,IH,284,284
y48kl,25,I,H,IH,505,505
y48kl,26,I,H,IH,299,299
y48kl,27,I,H,IH,324,324
y48kl,28,I,H,IH,284,284
y48kl,29,I,H,IH,468,468
y48kl,32,I,H,IH,363,363
y48kl,33,I,H,IH,255,255
y48kl,34,I,H,IH,299,501
y48kl,35,I,H,IH,478,660
y48kl,36,I,H,IH,401,606
y48kl,37,I,H,IH,265,265
y48kl,38,I,H,IH,361,361
y48kl,39,I,H,IH,319,319
y48kl,40,I,H,IH,406,406
y48kl,41,V,H,VH,234,234
y48kl,42,V,H,VH,229,229
y48kl,43,V,H,VH,164,374
y48kl,45,V,H,VH,NA,NA
y48kl,46,V,H,VH,207,207
y48kl,47,V,H,VH,289,521
y48kl,49,V,H,VH,302,302
y48kl,50,V,H,VH,186,186
y48kl,51,V,H,VH,240,240
y48kl,52,V,H,VH,NA,NA
y48kl,53,V,H,VH,193,193
y48kl,54,V,H,VH,302,302
y48kl,57,V,H,VH,125,365
y48kl,58,V,H,VH,338,338
y48kl,59,V,H,VH,226,226
y48kl,60,V,H,VH,351,351
y48kl,61,I,L,IL,392,655
y48kl,62,I,L,IL,234,595
y48kl,64,I,L,IL,589,589
y48kl,65,I,L,IL,293,293
y48kl,66,I,L,IL,370,370
y48kl,67,I,L,IL,481,481
y48kl,68,I,L,IL,383,383
y48kl,69,I,L,IL,224,224
y48kl,70,I,L,IL,471,581
y48kl,72,I,L,IL,524,524
y48kl,73,I,L,IL,369,369
y48kl,75,I,L,IL,357,569
y48kl,76,I,L,IL,98,259
y48kl,77,I,L,IL,315,315
y48kl,78,I,L,IL,182,182
y48kl,79,I,L,IL,321,321
y48kl,80,I,L,IL,126,126
y48xnk,1,I,L,IL,NA,NA
y48xnk,3,I,L,IL,216,216
y48xnk,4,I,L,IL,196,196
y48xnk,5,I,L,IL,411,411
y48xnk,7,I,L,IL,467,467
y48xnk,8,I,L,IL,384,384
y48xnk,10,I,L,IL,314,314
y48xnk,12,I,L,IL,222,222
y48xnk,13,I,L,IL,191,191
y48xnk,14,I,L,IL,93,93
y48xnk,15,I,L,IL,347,347
y48xnk,16,I,L,IL,421,2130
y48xnk,17,I,L,IL,234,234
y48xnk,23,V,L,VL,NA,NA
y48xnk,24,V,L,VL,346,346
y48xnk,25,V,L,VL,NA,NA
y48xnk,26,V,L,VL,177,177
y48xnk,28,V,L,VL,NA,NA
y48xnk,29,V,L,VL,124,124
y48xnk,30,V,L,VL,197,197
y48xnk,31,V,L,VL,NA,NA
y48xnk,32,V,L,VL,NA,NA
y48xnk,33,V,L,VL,NA,NA
y48xnk,34,V,L,VL,253,253
y48xnk,35,V,L,VL,117,117
y48xnk,37,V,L,VL,135,135
y48xnk,41,I,H,IH,529,529
y48xnk,44,I,H,IH,367,367
y48xnk,45,I,H,IH,280,280
y48xnk,46,I,H,IH,457,457
y48xnk,48,I,H,IH,206,206
y48xnk,49,I,H,IH,395,395
y48xnk,50,I,H,IH,378,378
y48xnk,51,I,H,IH,441,441
y48xnk,52,I,H,IH,NA,NA
y48xnk,53,I,H,IH,155,155
y48xnk,54,I,H,IH,161,161
y48xnk,55,I,H,IH,352,352
y48xnk,57,I,H,IH,394,394
y48xnk,61,V,H,VH,NA,NA
y48xnk,62,V,H,VH,NA,NA
y48xnk,63,V,H,VH,259,259
y48xnk,64,V,H,VH,183,183
y48xnk,65,V,H,VH,192,192
y48xnk,66,V,H,VH,293,293
y48xnk,67,V,H,VH,NA,NA
y48xnk,68,V,H,VH,NA,NA
y48xnk,69,V,H,VH,204,204
y48xnk,71,V,H,VH,NA,NA
y48xnk,72,V,H,VH,169,306
y48xnk,73,V,H,VH,NA,NA
y48xnk,74,V,H,VH,126,126
y48xnk,75,V,H,VH,NA,NA
y48xnk,76,V,H,VH,NA,NA
y48xnk,78,V,H,VH,143,143
y48xnk,79,V,H,VH,NA,NA
y48xnk,80,V,H,VH,NA,NA
y49lxy,1,V,L,VL,218,218
y49lxy,2,V,L,VL,138,138
y49lxy,3,V,L,VL,NA,NA
y49lxy,4,V,L,VL,NA,NA
y49lxy,5,V,L,VL,202,202
y49lxy,6,V,L,VL,207,207
y49lxy,7,V,L,VL,246,246
y49lxy,8,V,L,VL,NA,NA
y49lxy,9,V,L,VL,264,264
y49lxy,10,V,L,VL,NA,NA
y49lxy,11,V,L,VL,NA,NA
y49lxy,12,V,L,VL,224,444
y49lxy,13,V,L,VL,NA,NA
y49lxy,14,V,L,VL,246,246
y49lxy,15,V,L,VL,NA,NA
y49lxy,16,V,L,VL,NA,NA
y49lxy,17,V,L,VL,NA,NA
y49lxy,19,V,L,VL,165,165
y49lxy,20,V,L,VL,NA,NA
y49lxy,22,I,H,IH,222,222
y49lxy,23,I,H,IH,236,236
y49lxy,24,I,H,IH,237,503
y49lxy,25,I,H,IH,209,209
y49lxy,26,I,H,IH,94,94
y49lxy,27,I,H,IH,156,156
y49lxy,28,I,H,IH,267,267
y49lxy,29,I,H,IH,NA,NA
y49lxy,30,I,H,IH,253,253
y49lxy,32,I,H,IH,NA,NA
y49lxy,33,I,H,IH,NA,NA
y49lxy,34,I,H,IH,148,394
y49lxy,35,I,H,IH,307,307
y49lxy,36,I,H,IH,NA,NA
y49lxy,37,I,H,IH,203,203
y49lxy,38,I,H,IH,172,172
y49lxy,39,I,H,IH,191,191
y49lxy,40,I,H,IH,362,362
y49lxy,41,V,H,VH,167,167
y49lxy,42,V,H,VH,217,217
y49lxy,43,V,H,VH,NA,NA
y49lxy,44,V,H,VH,163,163
y49lxy,45,V,H,VH,141,141
y49lxy,46,V,H,VH,150,150
y49lxy,47,V,H,VH,179,179
y49lxy,48,V,H,VH,NA,NA
y49lxy,49,V,H,VH,NA,NA
y49lxy,50,V,H,VH,NA,NA
y49lxy,51,V,H,VH,229,229
y49lxy,52,V,H,VH,NA,NA
y49lxy,53,V,H,VH,254,254
y49lxy,55,V,H,VH,221,221
y49lxy,56,V,H,VH,132,132
y49lxy,57,V,H,VH,193,193
y49lxy,58,V,H,VH,NA,NA
y49lxy,59,V,H,VH,129,129
y49lxy,60,V,H,VH,247,247
y49lxy,61,I,L,IL,184,184
y49lxy,62,I,L,IL,178,178
y49lxy,63,I,L,IL,273,273
y49lxy,64,I,L,IL,NA,NA
y49lxy,65,I,L,IL,338,493
y49lxy,66,I,L,IL,147,147
y49lxy,67,I,L,IL,302,302
y49lxy,68,I,L,IL,273,273
y49lxy,69,I,L,IL,196,319
y49lxy,70,I,L,IL,425,530
y49lxy,72,I,L,IL,347,347
y49lxy,73,I,L,IL,496,496
y49lxy,74,I,L,IL,309,309
y49lxy,75,I,L,IL,258,258
y49lxy,76,I,L,IL,490,490
y49lxy,77,I,L,IL,321,483
y49lxy,78,I,L,IL,163,163
y49lxy,79,I,L,IL,176,176
y49lxy,80,I,L,IL,224,224
y49xyj,1,I,H,IH,105,396
y49xyj,2,I,H,IH,199,199
y49xyj,3,I,H,IH,NA,NA
y49xyj,5,I,H,IH,165,326
y49xyj,6,I,H,IH,256,256
y49xyj,7,I,H,IH,130,218
y49xyj,8,I,H,IH,201,282
y49xyj,9,I,H,IH,262,262
y49xyj,11,I,H,IH,403,403
y49xyj,12,I,H,IH,340,340
y49xyj,13,I,H,IH,NA,NA
y49xyj,14,I,H,IH,427,427
y49xyj,16,I,H,IH,363,363
y49xyj,17,I,H,IH,390,390
y49xyj,18,I,H,IH,281,281
y49xyj,19,I,H,IH,197,381
y49xyj,20,I,H,IH,231,231
y49xyj,21,V,H,VH,NA,NA
y49xyj,22,V,H,VH,190,190
y49xyj,23,V,H,VH,NA,NA
y49xyj,24,V,H,VH,234,234
y49xyj,25,V,H,VH,261,261
y49xyj,26,V,H,VH,NA,NA
y49xyj,27,V,H,VH,NA,NA
y49xyj,28,V,H,VH,214,214
y49xyj,29,V,H,VH,217,217
y49xyj,30,V,H,VH,157,157
y49xyj,31,V,H,VH,229,371
y49xyj,32,V,H,VH,231,231
y49xyj,33,V,H,VH,197,197
y49xyj,34,V,H,VH,141,141
y49xyj,35,V,H,VH,NA,NA
y49xyj,36,V,H,VH,241,241
y49xyj,37,V,H,VH,194,194
y49xyj,38,V,H,VH,NA,NA
y49xyj,39,V,H,VH,164,164
y49xyj,40,V,H,VH,259,259
y49xyj,42,I,L,IL,305,305
y49xyj,43,I,L,IL,251,251
y49xyj,44,I,L,IL,315,315
y49xyj,46,I,L,IL,358,358
y49xyj,48,I,L,IL,273,273
y49xyj,49,I,L,IL,226,226
y49xyj,50,I,L,IL,321,487
y49xyj,51,I,L,IL,296,296
y49xyj,52,I,L,IL,NA,NA
y49xyj,53,I,L,IL,240,240
y49xyj,54,I,L,IL,164,164
y49xyj,55,I,L,IL,312,312
y49xyj,56,I,L,IL,241,241
y49xyj,57,I,L,IL,170,170
y49xyj,58,I,L,IL,345,345
y49xyj,59,I,L,IL,289,289
y49xyj,60,I,L,IL,343,343
y49xyj,61,V,L,VL,NA,NA
y49xyj,62,V,L,VL,421,421
y49xyj,63,V,L,VL,184,395
y49xyj,64,V,L,VL,214,297
y49xyj,65,V,L,VL,NA,NA
y49xyj,66,V,L,VL,239,239
y49xyj,67,V,L,VL,NA,NA
y49xyj,68,V,L,VL,321,321
y49xyj,69,V,L,VL,353,353
y49xyj,70,V,L,VL,157,157
y49xyj,71,V,L,VL,204,204
y49xyj,72,V,L,VL,338,338
y49xyj,73,V,L,VL,NA,NA
y49xyj,75,V,L,VL,330,330
y49xyj,76,V,L,VL,221,221
y49xyj,77,V,L,VL,422,686
y49xyj,78,V,L,VL,183,183
y49xyj,79,V,L,VL,247,247
y49xyj,80,V,L,VL,179,179
y4fqa,1,V,L,VL,272,272
y4fqa,3,V,L,VL,NA,NA
y4fqa,4,V,L,VL,415,415
y4fqa,5,V,L,VL,235,235
y4fqa,6,V,L,VL,328,328
y4fqa,7,V,L,VL,309,309
y4fqa,11,V,L,VL,286,286
y4fqa,12,V,L,VL,NA,NA
y4fqa,14,V,L,VL,234,234
y4fqa,16,V,L,VL,204,204
y4fqa,17,V,L,VL,361,361
y4fqa,18,V,L,VL,NA,NA
y4fqa,19,V,L,VL,298,298
y4fqa,22,I,H,IH,303,303
y4fqa,23,I,H,IH,239,239
y4fqa,24,I,H,IH,321,321
y4fqa,25,I,H,IH,398,398
y4fqa,28,I,H,IH,281,281
y4fqa,29,I,H,IH,496,496
y4fqa,30,I,H,IH,268,268
y4fqa,31,I,H,IH,228,228
y4fqa,33,I,H,IH,108,108
y4fqa,34,I,H,IH,NA,NA
y4fqa,35,I,H,IH,NA,NA
y4fqa,36,I,H,IH,298,298
y4fqa,37,I,H,IH,253,253
y4fqa,38,I,H,IH,132,132
y4fqa,40,I,H,IH,414,414
y4fqa,41,V,H,VH,353,353
y4fqa,43,V,H,VH,NA,NA
y4fqa,45,V,H,VH,314,314
y4fqa,47,V,H,VH,266,266
y4fqa,48,V,H,VH,NA,NA
y4fqa,50,V,H,VH,237,237
y4fqa,51,V,H,VH,245,245
y4fqa,52,V,H,VH,232,232
y4fqa,53,V,H,VH,214,214
y4fqa,55,V,H,VH,NA,NA
y4fqa,57,V,H,VH,294,294
y4fqa,58,V,H,VH,NA,NA
y4fqa,59,V,H,VH,133,133
y4fqa,62,I,L,IL,NA,NA
y4fqa,63,I,L,IL,NA,NA
y4fqa,64,I,L,IL,NA,NA
y4fqa,65,I,L,IL,267,267
y4fqa,66,I,L,IL,NA,NA
y4fqa,67,I,L,IL,265,265
y4fqa,68,I,L,IL,NA,NA
y4fqa,69,I,L,IL,348,348
y4fqa,70,I,L,IL,226,438
y4fqa,71,I,L,IL,NA,NA
y4fqa,73,I,L,IL,NA,NA
y4fqa,74,I,L,IL,636,636
y4fqa,75,I,L,IL,248,248
y4fqa,76,I,L,IL,406,406
y4fqa,78,I,L,IL,411,411
y5,1,I,H,IH,288,491
y5,2,I,H,IH,NA,NA
y5,3,I,H,IH,NA,NA
y5,5,I,H,IH,228,228
y5,6,I,H,IH,252,252
y5,7,I,H,IH,350,350
y5,9,I,H,IH,226,226
y5,10,I,H,IH,431,431
y5,12,I,H,IH,276,276
y5,13,I,H,IH,447,447
y5,15,I,H,IH,360,360
y5,18,I,H,IH,518,518
y5,20,I,H,IH,435,435
y5,21,V,H,VH,203,203
y5,22,V,H,VH,273,273
y5,23,V,H,VH,231,553
y5,24,V,H,VH,173,173
y5,25,V,H,VH,271,271
y5,26,V,H,VH,208,208
y5,27,V,H,VH,196,196
y5,28,V,H,VH,NA,NA
y5,31,V,H,VH,275,275
y5,32,V,H,VH,320,623
y5,33,V,H,VH,191,191
y5,36,V,H,VH,179,179
y5,37,V,H,VH,252,438
y5,38,V,H,VH,323,323
y5,39,V,H,VH,252,252
y5,40,V,H,VH,382,576
y5,41,I,L,IL,247,247
y5,44,I,L,IL,186,186
y5,45,I,L,IL,268,268
y5,47,I,L,IL,240,240
y5,49,I,L,IL,180,970
y5,50,I,L,IL,255,255
y5,51,I,L,IL,454,454
y5,53,I,L,IL,439,439
y5,54,I,L,IL,197,685
y5,56,I,L,IL,327,327
y5,57,I,L,IL,350,350
y5,59,I,L,IL,250,250
y5,61,V,L,VL,123,649
y5,64,V,L,VL,196,196
y5,65,V,L,VL,189,189
y5,69,V,L,VL,309,526
y5,70,V,L,VL,186,446
y5,71,V,L,VL,291,524
y5,72,V,L,VL,175,437
y5,74,V,L,VL,190,190
y5,76,V,L,VL,NA,NA
y5,78,V,L,VL,220,220
y5,79,V,L,VL,231,231
y50syx,2,I,H,IH,NA,NA
y50syx,3,I,H,IH,NA,NA
y50syx,4,I,H,IH,198,198
y50syx,5,I,H,IH,155,1040
y50syx,7,I,H,IH,552,552
y50syx,9,I,H,IH,310,562
y50syx,10,I,H,IH,202,202
y50syx,11,I,H,IH,NA,NA
y50syx,12,I,H,IH,187,187
y50syx,13,I,H,IH,386,386
y50syx,14,I,H,IH,239,1001
y50syx,15,I,H,IH,NA,NA
y50syx,16,I,H,IH,154,1066
y50syx,17,I,H,IH,317,317
y50syx,19,I,H,IH,NA,NA
y50syx,21,V,H,VH,NA,NA
y50syx,22,V,H,VH,NA,NA
y50syx,23,V,H,VH,NA,NA
y50syx,25,V,H,VH,105,105
y50syx,26,V,H,VH,201,201
y50syx,27,V,H,VH,165,165
y50syx,29,V,H,VH,286,286
y50syx,30,V,H,VH,189,308
y50syx,31,V,H,VH,NA,NA
y50syx,34,V,H,VH,155,155
y50syx,36,V,H,VH,160,160
y50syx,37,V,H,VH,NA,NA
y50syx,38,V,H,VH,NA,NA
y50syx,40,V,H,VH,95,95
y50syx,41,I,L,IL,119,301
y50syx,43,I,L,IL,234,234
y50syx,44,I,L,IL,300,300
y50syx,45,I,L,IL,153,153
y50syx,46,I,L,IL,252,355
y50syx,49,I,L,IL,NA,NA
y50syx,51,I,L,IL,340,340
y50syx,52,I,L,IL,218,218
y50syx,54,I,L,IL,259,1160
y50syx,56,I,L,IL,375,375
y50syx,57,I,L,IL,360,788
y50syx,58,I,L,IL,215,381
y50syx,60,I,L,IL,410,410
y50syx,61,V,L,VL,184,184
y50syx,62,V,L,VL,NA,NA
y50syx,63,V,L,VL,191,191
y50syx,65,V,L,VL,277,277
y50syx,67,V,L,VL,NA,NA
y50syx,68,V,L,VL,NA,NA
y50syx,69,V,L,VL,128,128
y50syx,70,V,L,VL,155,155
y50syx,71,V,L,VL,NA,NA
y50syx,72,V,L,VL,253,253
y50syx,73,V,L,VL,240,240
y50syx,74,V,L,VL,NA,NA
y50syx,75,V,L,VL,166,166
y50syx,76,V,L,VL,282,282
y50syx,78,V,L,VL,NA,NA
y50syx,79,V,L,VL,242,242
y50syx,80,V,L,VL,NA,NA
y50xb,1,V,H,VH,NA,NA
y50xb,2,V,H,VH,NA,NA
y50xb,3,V,H,VH,NA,NA
y50xb,5,V,H,VH,NA,NA
y50xb,7,V,H,VH,NA,NA
y50xb,9,V,H,VH,217,217
y50xb,10,V,H,VH,212,212
y50xb,11,V,H,VH,NA,NA
y50xb,12,V,H,VH,190,190
y50xb,13,V,H,VH,NA,NA
y50xb,14,V,H,VH,NA,NA
y50xb,15,V,H,VH,197,197
y50xb,16,V,H,VH,251,251
y50xb,18,V,H,VH,286,286
y50xb,19,V,H,VH,242,402
y50xb,20,V,H,VH,NA,NA
y50xb,22,I,L,IL,139,139
y50xb,23,I,L,IL,301,301
y50xb,25,I,L,IL,160,160
y50xb,26,I,L,IL,197,197
y50xb,27,I,L,IL,295,295
y50xb,28,I,L,IL,172,533
y50xb,29,I,L,IL,203,203
y50xb,30,I,L,IL,326,326
y50xb,31,I,L,IL,337,502
y50xb,32,I,L,IL,193,479
y50xb,33,I,L,IL,149,249
y50xb,34,I,L,IL,NA,NA
y50xb,35,I,L,IL,378,378
y50xb,36,I,L,IL,487,487
y50xb,37,I,L,IL,227,227
y50xb,38,I,L,IL,346,346
y50xb,39,I,L,IL,325,325
y50xb,40,I,L,IL,NA,NA
y50xb,41,V,L,VL,256,256
y50xb,43,V,L,VL,290,290
y50xb,44,V,L,VL,204,204
y50xb,45,V,L,VL,141,141
y50xb,46,V,L,VL,290,290
y50xb,47,V,L,VL,147,147
y50xb,48,V,L,VL,197,197
y50xb,49,V,L,VL,86,86
y50xb,51,V,L,VL,NA,NA
y50xb,52,V,L,VL,NA,NA
y50xb,53,V,L,VL,205,205
y50xb,54,V,L,VL,143,143
y50xb,55,V,L,VL,282,282
y50xb,56,V,L,VL,89,89
y50xb,58,V,L,VL,207,207
y50xb,59,V,L,VL,211,211
y50xb,60,V,L,VL,NA,NA
y50xb,61,I,H,IH,395,395
y50xb,62,I,H,IH,111,419
y50xb,63,I,H,IH,326,326
y50xb,64,I,H,IH,NA,NA
y50xb,66,I,H,IH,208,511
y50xb,67,I,H,IH,271,271
y50xb,69,I,H,IH,161,498
y50xb,72,I,H,IH,201,201
y50xb,73,I,H,IH,452,452
y50xb,74,I,H,IH,177,342
y50xb,75,I,H,IH,239,399
y50xb,76,I,H,IH,241,241
y50xb,77,I,H,IH,500,500
y50xb,78,I,H,IH,346,429
y50xb,79,I,H,IH,155,303
y50xb,80,I,H,IH,NA,NA
y51xzl,1,I,L,IL,281,281
y51xzl,2,I,L,IL,NA,NA
y51xzl,3,I,L,IL,NA,NA
y51xzl,4,I,L,IL,258,456
y51xzl,5,I,L,IL,152,377
y51xzl,7,I,L,IL,204,204
y51xzl,8,I,L,IL,470,470
y51xzl,10,I,L,IL,171,391
y51xzl,11,I,L,IL,165,326
y51xzl,12,I,L,IL,187,187
y51xzl,13,I,L,IL,NA,NA
y51xzl,14,I,L,IL,269,269
y51xzl,15,I,L,IL,NA,NA
y51xzl,16,I,L,IL,NA,NA
y51xzl,17,I,L,IL,242,242
y51xzl,18,I,L,IL,173,173
y51xzl,19,I,L,IL,277,277
y51xzl,20,I,L,IL,167,167
y51xzl,21,V,L,VL,312,312
y51xzl,22,V,L,VL,NA,NA
y51xzl,23,V,L,VL,152,152
y51xzl,24,V,L,VL,NA,NA
y51xzl,25,V,L,VL,NA,NA
y51xzl,26,V,L,VL,285,285
y51xzl,27,V,L,VL,299,299
y51xzl,28,V,L,VL,NA,NA
y51xzl,29,V,L,VL,231,231
y51xzl,30,V,L,VL,231,231
y51xzl,31,V,L,VL,NA,NA
y51xzl,32,V,L,VL,NA,NA
y51xzl,33,V,L,VL,248,248
y51xzl,34,V,L,VL,NA,NA
y51xzl,35,V,L,VL,NA,NA
y51xzl,36,V,L,VL,NA,NA
y51xzl,37,V,L,VL,264,264
y51xzl,38,V,L,VL,188,188
y51xzl,39,V,L,VL,248,248
y51xzl,40,V,L,VL,233,233
y51xzl,41,I,H,IH,303,420
y51xzl,42,I,H,IH,349,349
y51xzl,44,I,H,IH,270,270
y51xzl,45,I,H,IH,203,203
y51xzl,46,I,H,IH,NA,NA
y51xzl,47,I,H,IH,NA,NA
y51xzl,48,I,H,IH,368,368
y51xzl,49,I,H,IH,NA,NA
y51xzl,50,I,H,IH,310,310
y51xzl,51,I,H,IH,135,135
y51xzl,52,I,H,IH,NA,NA
y51xzl,53,I,H,IH,NA,NA
y51xzl,54,I,H,IH,395,395
y51xzl,55,I,H,IH,87,227
y51xzl,56,I,H,IH,NA,NA
y51xzl,57,I,H,IH,227,227
y51xzl,58,I,H,IH,603,603
y51xzl,59,I,H,IH,153,382
y51xzl,61,V,H,VH,NA,NA
y51xzl,63,V,H,VH,NA,NA
y51xzl,64,V,H,VH,NA,NA
y51xzl,65,V,H,VH,266,266
y51xzl,66,V,H,VH,NA,NA
y51xzl,67,V,H,VH,NA,NA
y51xzl,68,V,H,VH,217,217
y51xzl,69,V,H,VH,161,161
y51xzl,70,V,H,VH,232,232
y51xzl,71,V,H,VH,NA,NA
y51xzl,72,V,H,VH,NA,NA
y51xzl,73,V,H,VH,278,278
y51xzl,74,V,H,VH,NA,NA
y51xzl,75,V,H,VH,NA,NA
y51xzl,76,V,H,VH,NA,NA
y51xzl,77,V,H,VH,168,168
y51xzl,78,V,H,VH,NA,NA
y51xzl,79,V,H,VH,296,396
y51xzl,80,V,H,VH,329,329
y52sky,1,V,L,VL,235,235
y52sky,10,V,L,VL,NA,NA
y52sky,11,V,L,VL,124,124
y52sky,14,V,L,VL,NA,NA
y52sky,15,V,L,VL,NA,NA
y52sky,16,V,L,VL,183,183
y52sky,19,V,L,VL,202,202
y52sky,20,V,L,VL,NA,NA
y52sky,22,I,H,IH,287,583
y52sky,23,I,H,IH,380,380
y52sky,25,I,H,IH,242,375
y52sky,26,I,H,IH,424,424
y52sky,29,I,H,IH,330,330
y52sky,33,I,H,IH,180,180
y52sky,36,I,H,IH,486,486
y52sky,39,I,H,IH,193,193
y52sky,40,I,H,IH,297,297
y52sky,41,V,H,VH,349,349
y52sky,42,V,H,VH,237,237
y52sky,44,V,H,VH,NA,NA
y52sky,45,V,H,VH,243,243
y52sky,46,V,H,VH,NA,NA
y52sky,48,V,H,VH,207,207
y52sky,50,V,H,VH,232,232
y52sky,51,V,H,VH,NA,NA
y52sky,52,V,H,VH,NA,NA
y52sky,60,V,H,VH,NA,NA
y52sky,62,I,L,IL,378,378
y52sky,63,I,L,IL,247,247
y52sky,64,I,L,IL,272,440
y52sky,67,I,L,IL,292,292
y52sky,68,I,L,IL,573,573
y52sky,69,I,L,IL,NA,NA
y52sky,71,I,L,IL,NA,NA
y52sky,72,I,L,IL,467,467
y52sky,74,I,L,IL,255,255
y52sky,76,I,L,IL,416,416
y52sky,77,I,L,IL,246,246
y52sky,78,I,L,IL,338,338
y52sky,80,I,L,IL,343,343
y53wyj,1,I,H,IH,228,228
y53wyj,3,I,H,IH,223,223
y53wyj,4,I,H,IH,199,515
y53wyj,7,I,H,IH,NA,NA
y53wyj,10,I,H,IH,325,325
y53wyj,11,I,H,IH,360,360
y53wyj,12,I,H,IH,184,469
y53wyj,13,I,H,IH,NA,NA
y53wyj,15,I,H,IH,171,171
y53wyj,16,I,H,IH,NA,NA
y53wyj,17,I,H,IH,218,218
y53wyj,18,I,H,IH,180,180
y53wyj,19,I,H,IH,298,298
y53wyj,20,I,H,IH,253,253
y53wyj,21,V,H,VH,NA,NA
y53wyj,23,V,H,VH,NA,NA
y53wyj,25,V,H,VH,NA,NA
y53wyj,28,V,H,VH,NA,NA
y53wyj,30,V,H,VH,NA,NA
y53wyj,31,V,H,VH,187,187
y53wyj,32,V,H,VH,215,615
y53wyj,33,V,H,VH,235,235
y53wyj,34,V,H,VH,NA,NA
y53wyj,35,V,H,VH,109,109
y53wyj,36,V,H,VH,267,267
y53wyj,37,V,H,VH,142,142
y53wyj,38,V,H,VH,NA,NA
y53wyj,39,V,H,VH,NA,NA
y53wyj,40,V,H,VH,NA,NA
y53wyj,42,I,L,IL,NA,NA
y53wyj,43,I,L,IL,234,234
y53wyj,44,I,L,IL,162,162
y53wyj,45,I,L,IL,249,249
y53wyj,46,I,L,IL,172,563
y53wyj,48,I,L,IL,217,217
y53wyj,49,I,L,IL,200,500
y53wyj,50,I,L,IL,287,287
y53wyj,51,I,L,IL,NA,NA
y53wyj,52,I,L,IL,246,246
y53wyj,53,I,L,IL,287,599
y53wyj,58,I,L,IL,190,190
y53wyj,59,I,L,IL,NA,NA
y53wyj,60,I,L,IL,335,516
y53wyj,61,V,L,VL,146,146
y53wyj,62,V,L,VL,NA,NA
y53wyj,63,V,L,VL,NA,NA
y53wyj,64,V,L,VL,245,245
y53wyj,65,V,L,VL,NA,NA
y53wyj,66,V,L,VL,164,164
y53wyj,67,V,L,VL,NA,NA
y53wyj,68,V,L,VL,NA,NA
y53wyj,70,V,L,VL,NA,NA
y53wyj,71,V,L,VL,NA,NA
y53wyj,72,V,L,VL,NA,NA
y53wyj,74,V,L,VL,185,185
y53wyj,75,V,L,VL,NA,NA
y53wyj,76,V,L,VL,247,247
y53wyj,79,V,L,VL,227,227
y54lr,1,V,H,VH,149,149
y54lr,3,V,H,VH,NA,NA
y54lr,5,V,H,VH,169,169
y54lr,6,V,H,VH,282,282
y54lr,7,V,H,VH,148,148
y54lr,9,V,H,VH,263,263
y54lr,10,V,H,VH,206,206
y54lr,11,V,H,VH,NA,NA
y54lr,12,V,H,VH,313,313
y54lr,13,V,H,VH,NA,NA
y54lr,14,V,H,VH,144,144
y54lr,15,V,H,VH,NA,NA
y54lr,16,V,H,VH,NA,NA
y54lr,17,V,H,VH,NA,NA
y54lr,18,V,H,VH,131,131
y54lr,19,V,H,VH,277,277
y54lr,20,V,H,VH,NA,NA
y54lr,22,I,L,IL,250,250
y54lr,23,I,L,IL,NA,NA
y54lr,24,I,L,IL,208,633
y54lr,25,I,L,IL,NA,NA
y54lr,26,I,L,IL,224,224
y54lr,28,I,L,IL,229,229
y54lr,29,I,L,IL,427,427
y54lr,30,I,L,IL,275,275
y54lr,32,I,L,IL,197,197
y54lr,33,I,L,IL,NA,NA
y54lr,34,I,L,IL,356,356
y54lr,35,I,L,IL,190,190
y54lr,36,I,L,IL,NA,NA
y54lr,37,I,L,IL,225,225
y54lr,38,I,L,IL,180,359
y54lr,39,I,L,IL,279,279
y54lr,40,I,L,IL,177,177
y54lr,41,V,L,VL,171,171
y54lr,42,V,L,VL,NA,NA
y54lr,43,V,L,VL,NA,NA
y54lr,44,V,L,VL,183,183
y54lr,45,V,L,VL,234,234
y54lr,46,V,L,VL,NA,NA
y54lr,47,V,L,VL,360,360
y54lr,48,V,L,VL,191,191
y54lr,49,V,L,VL,NA,NA
y54lr,50,V,L,VL,NA,NA
y54lr,51,V,L,VL,227,227
y54lr,52,V,L,VL,229,229
y54lr,53,V,L,VL,285,285
y54lr,54,V,L,VL,142,142
y54lr,55,V,L,VL,156,399
y54lr,56,V,L,VL,NA,NA
y54lr,57,V,L,VL,220,220
y54lr,58,V,L,VL,231,231
y54lr,60,V,L,VL,NA,NA
y54lr,65,I,H,IH,329,329
y54lr,66,I,H,IH,215,215
y54lr,67,I,H,IH,170,170
y54lr,68,I,H,IH,127,127
y54lr,69,I,H,IH,145,145
y54lr,71,I,H,IH,590,590
y54lr,72,I,H,IH,254,254
y54lr,73,I,H,IH,285,285
y54lr,74,I,H,IH,270,270
y54lr,75,I,H,IH,248,248
y54lr,76,I,H,IH,323,323
y54lr,77,I,H,IH,225,225
y54lr,78,I,H,IH,135,135
y54lr,80,I,H,IH,236,236
y55lyr,1,I,L,IL,273,273
y55lyr,2,I,L,IL,174,174
y55lyr,3,I,L,IL,NA,NA
y55lyr,4,I,L,IL,142,142
y55lyr,5,I,L,IL,348,348
y55lyr,6,I,L,IL,162,162
y55lyr,7,I,L,IL,148,258
y55lyr,8,I,L,IL,101,316
y55lyr,9,I,L,IL,261,261
y55lyr,10,I,L,IL,155,155
y55lyr,11,I,L,IL,254,254
y55lyr,12,I,L,IL,286,286
y55lyr,13,I,L,IL,243,243
y55lyr,14,I,L,IL,NA,NA
y55lyr,15,I,L,IL,135,135
y55lyr,16,I,L,IL,184,332
y55lyr,17,I,L,IL,108,108
y55lyr,19,I,L,IL,227,443
y55lyr,20,I,L,IL,394,394
y55lyr,21,V,L,VL,146,146
y55lyr,22,V,L,VL,149,149
y55lyr,23,V,L,VL,145,145
y55lyr,24,V,L,VL,NA,NA
y55lyr,25,V,L,VL,257,257
y55lyr,26,V,L,VL,175,175
y55lyr,27,V,L,VL,146,146
y55lyr,28,V,L,VL,NA,NA
y55lyr,29,V,L,VL,181,181
y55lyr,30,V,L,VL,NA,NA
y55lyr,32,V,L,VL,NA,NA
y55lyr,33,V,L,VL,NA,NA
y55lyr,34,V,L,VL,191,191
y55lyr,36,V,L,VL,173,173
y55lyr,37,V,L,VL,176,176
y55lyr,38,V,L,VL,NA,NA
y55lyr,39,V,L,VL,133,133
y55lyr,40,V,L,VL,NA,NA
y55lyr,42,I,H,IH,469,469
y55lyr,43,I,H,IH,NA,NA
y55lyr,44,I,H,IH,NA,NA
y55lyr,45,I,H,IH,284,438
y55lyr,46,I,H,IH,287,287
y55lyr,47,I,H,IH,234,234
y55lyr,48,I,H,IH,267,267
y55lyr,49,I,H,IH,NA,NA
y55lyr,50,I,H,IH,103,255
y55lyr,51,I,H,IH,NA,NA
y55lyr,52,I,H,IH,NA,NA
y55lyr,53,I,H,IH,414,414
y55lyr,56,I,H,IH,280,280
y55lyr,58,I,H,IH,158,158
y55lyr,59,I,H,IH,NA,NA
y55lyr,60,I,H,IH,NA,NA
y55lyr,61,V,H,VH,180,180
y55lyr,62,V,H,VH,191,191
y55lyr,63,V,H,VH,184,184
y55lyr,64,V,H,VH,NA,NA
y55lyr,66,V,H,VH,261,261
y55lyr,68,V,H,VH,112,112
y55lyr,69,V,H,VH,NA,NA
y55lyr,71,V,H,VH,188,276
y55lyr,72,V,H,VH,170,170
y55lyr,73,V,H,VH,NA,NA
y55lyr,74,V,H,VH,NA,NA
y55lyr,75,V,H,VH,220,220
y55lyr,76,V,H,VH,NA,NA
y55lyr,77,V,H,VH,NA,NA
y55lyr,78,V,H,VH,NA,NA
y55lyr,79,V,H,VH,326,326
y55lyr,80,V,H,VH,215,215
y56,3,V,L,VL,NA,NA
y56,5,V,L,VL,228,228
y56,6,V,L,VL,406,406
y56,7,V,L,VL,231,231
y56,8,V,L,VL,NA,NA
y56,9,V,L,VL,506,506
y56,10,V,L,VL,364,364
y56,12,V,L,VL,239,239
y56,13,V,L,VL,NA,NA
y56,14,V,L,VL,257,257
y56,15,V,L,VL,313,313
y56,16,V,L,VL,NA,NA
y56,17,V,L,VL,226,226
y56,18,V,L,VL,425,425
y56,20,V,L,VL,257,257
y56,22,I,H,IH,496,496
y56,23,I,H,IH,242,242
y56,25,I,H,IH,721,940
y56,26,I,H,IH,269,269
y56,28,I,H,IH,193,376
y56,29,I,H,IH,324,324
y56,30,I,H,IH,307,307
y56,32,I,H,IH,186,407
y56,33,I,H,IH,336,336
y56,34,I,H,IH,379,379
y56,37,I,H,IH,323,323
y56,38,I,H,IH,318,318
y56,39,I,H,IH,719,719
y56,40,I,H,IH,250,250
y56,41,V,H,VH,447,447
y56,43,V,H,VH,237,237
y56,44,V,H,VH,NA,NA
y56,45,V,H,VH,NA,NA
y56,46,V,H,VH,NA,NA
y56,47,V,H,VH,NA,NA
y56,48,V,H,VH,231,231
y56,49,V,H,VH,223,223
y56,50,V,H,VH,602,602
y56,52,V,H,VH,NA,NA
y56,53,V,H,VH,390,390
y56,54,V,H,VH,324,324
y56,56,V,H,VH,NA,NA
y56,58,V,H,VH,NA,NA
y56,59,V,H,VH,242,242
y56,60,V,H,VH,278,278
y56,61,I,L,IL,245,245
y56,63,I,L,IL,321,321
y56,64,I,L,IL,414,414
y56,65,I,L,IL,317,317
y56,66,I,L,IL,258,258
y56,67,I,L,IL,326,326
y56,68,I,L,IL,291,291
y56,69,I,L,IL,562,562
y56,71,I,L,IL,212,212
y56,72,I,L,IL,700,700
y56,74,I,L,IL,422,422
y56,75,I,L,IL,284,284
y56,76,I,L,IL,305,305
y56,77,I,L,IL,330,330
y56,78,I,L,IL,422,422
y56,79,I,L,IL,NA,NA
y56,80,I,L,IL,221,221
y57lyy,1,I,H,IH,NA,NA
y57lyy,3,I,H,IH,NA,NA
y57lyy,7,I,H,IH,NA,NA
y57lyy,9,I,H,IH,NA,NA
y57lyy,11,I,H,IH,312,312
y57lyy,13,I,H,IH,NA,NA
y57lyy,14,I,H,IH,NA,NA
y57lyy,15,I,H,IH,280,280
y57lyy,16,I,H,IH,NA,NA
y57lyy,20,I,H,IH,212,212
y57lyy,24,V,H,VH,NA,NA
y57lyy,26,V,H,VH,NA,NA
y57lyy,27,V,H,VH,NA,NA
y57lyy,28,V,H,VH,NA,NA
y57lyy,29,V,H,VH,206,206
y57lyy,30,V,H,VH,248,248
y57lyy,31,V,H,VH,NA,NA
y57lyy,32,V,H,VH,NA,NA
y57lyy,33,V,H,VH,198,198
y57lyy,34,V,H,VH,NA,NA
y57lyy,35,V,H,VH,NA,NA
y57lyy,36,V,H,VH,NA,NA
y57lyy,38,V,H,VH,NA,NA
y57lyy,39,V,H,VH,NA,NA
y57lyy,40,V,H,VH,154,154
y57lyy,42,I,L,IL,398,398
y57lyy,44,I,L,IL,468,468
y57lyy,46,I,L,IL,266,266
y57lyy,47,I,L,IL,458,458
y57lyy,48,I,L,IL,NA,NA
y57lyy,49,I,L,IL,286,286
y57lyy,51,I,L,IL,162,162
y57lyy,52,I,L,IL,NA,NA
y57lyy,54,I,L,IL,312,312
y57lyy,55,I,L,IL,190,190
y57lyy,56,I,L,IL,306,306
y57lyy,58,I,L,IL,NA,NA
y57lyy,59,I,L,IL,456,456
y57lyy,60,I,L,IL,238,238
y57lyy,62,V,L,VL,NA,NA
y57lyy,63,V,L,VL,224,224
y57lyy,64,V,L,VL,NA,NA
y57lyy,65,V,L,VL,158,158
y57lyy,66,V,L,VL,142,142
y57lyy,67,V,L,VL,NA,NA
y57lyy,68,V,L,VL,NA,NA
y57lyy,69,V,L,VL,142,142
y57lyy,72,V,L,VL,NA,NA
y57lyy,73,V,L,VL,238,238
y57lyy,74,V,L,VL,NA,NA
y57lyy,75,V,L,VL,NA,NA
y57lyy,76,V,L,VL,NA,NA
y57lyy,77,V,L,VL,218,218
y57lyy,78,V,L,VL,NA,NA
y57lyy,79,V,L,VL,NA,NA
y58mde,2,V,H,VH,NA,NA
y58mde,3,V,H,VH,178,178
y58mde,4,V,H,VH,237,237
y58mde,6,V,H,VH,NA,NA
y58mde,7,V,H,VH,NA,NA
y58mde,8,V,H,VH,251,455
y58mde,10,V,H,VH,158,158
y58mde,11,V,H,VH,188,188
y58mde,13,V,H,VH,167,167
y58mde,14,V,H,VH,265,265
y58mde,17,V,H,VH,171,171
y58mde,18,V,H,VH,327,327
y58mde,19,V,H,VH,157,157
y58mde,20,V,H,VH,NA,NA
y58mde,21,I,L,IL,255,560
y58mde,22,I,L,IL,185,406
y58mde,23,I,L,IL,230,412
y58mde,24,I,L,IL,258,258
y58mde,26,I,L,IL,290,399
y58mde,28,I,L,IL,357,357
y58mde,29,I,L,IL,295,535
y58mde,32,I,L,IL,193,460
y58mde,33,I,L,IL,499,499
y58mde,34,I,L,IL,393,720
y58mde,35,I,L,IL,192,709
y58mde,36,I,L,IL,156,156
y58mde,37,I,L,IL,NA,NA
y58mde,38,I,L,IL,NA,NA
y58mde,39,I,L,IL,215,410
y58mde,40,I,L,IL,191,191
y58mde,41,V,L,VL,152,293
y58mde,43,V,L,VL,NA,NA
y58mde,44,V,L,VL,217,217
y58mde,45,V,L,VL,192,192
y58mde,46,V,L,VL,233,435
y58mde,48,V,L,VL,NA,NA
y58mde,49,V,L,VL,134,134
y58mde,50,V,L,VL,222,222
y58mde,51,V,L,VL,NA,NA
y58mde,52,V,L,VL,177,177
y58mde,53,V,L,VL,210,210
y58mde,55,V,L,VL,377,377
y58mde,58,V,L,VL,112,112
y58mde,59,V,L,VL,177,177
y58mde,60,V,L,VL,253,253
y58mde,61,I,H,IH,214,491
y58mde,62,I,H,IH,463,463
y58mde,64,I,H,IH,323,323
y58mde,65,I,H,IH,241,241
y58mde,66,I,H,IH,NA,NA
y58mde,67,I,H,IH,266,266
y58mde,68,I,H,IH,485,485
y58mde,69,I,H,IH,235,235
y58mde,71,I,H,IH,296,296
y58mde,73,I,H,IH,362,362
y58mde,75,I,H,IH,276,276
y58mde,76,I,H,IH,197,197
y58mde,78,I,H,IH,173,531
y58mde,79,I,H,IH,267,267
y58mde,80,I,H,IH,248,356
y59hxy,1,I,L,IL,314,314
y59hxy,4,I,L,IL,260,260
y59hxy,7,I,L,IL,221,221
y59hxy,8,I,L,IL,NA,NA
y59hxy,10,I,L,IL,NA,NA
y59hxy,11,I,L,IL,173,173
y59hxy,13,I,L,IL,245,357
y59hxy,15,I,L,IL,164,164
y59hxy,17,I,L,IL,230,683
y59hxy,18,I,L,IL,276,497
y59hxy,20,I,L,IL,327,327
y59hxy,21,V,L,VL,164,164
y59hxy,23,V,L,VL,148,148
y59hxy,26,V,L,VL,80,80
y59hxy,27,V,L,VL,NA,NA
y59hxy,28,V,L,VL,NA,NA
y59hxy,30,V,L,VL,251,251
y59hxy,31,V,L,VL,NA,NA
y59hxy,32,V,L,VL,549,549
y59hxy,33,V,L,VL,NA,NA
y59hxy,34,V,L,VL,NA,NA
y59hxy,36,V,L,VL,176,176
y59hxy,37,V,L,VL,277,277
y59hxy,39,V,L,VL,NA,NA
y59hxy,40,V,L,VL,180,180
y59hxy,43,I,H,IH,254,254
y59hxy,45,I,H,IH,282,282
y59hxy,46,I,H,IH,234,234
y59hxy,48,I,H,IH,NA,NA
y59hxy,49,I,H,IH,NA,NA
y59hxy,50,I,H,IH,307,307
y59hxy,51,I,H,IH,498,498
y59hxy,52,I,H,IH,201,201
y59hxy,53,I,H,IH,352,352
y59hxy,57,I,H,IH,257,257
y59hxy,58,I,H,IH,NA,NA
y59hxy,61,V,H,VH,242,242
y59hxy,62,V,H,VH,128,128
y59hxy,63,V,H,VH,NA,NA
y59hxy,64,V,H,VH,NA,NA
y59hxy,67,V,H,VH,157,157
y59hxy,68,V,H,VH,NA,NA
y59hxy,70,V,H,VH,NA,NA
y59hxy,71,V,H,VH,229,229
y59hxy,72,V,H,VH,209,209
y59hxy,74,V,H,VH,NA,NA
y59hxy,75,V,H,VH,211,211
y59hxy,77,V,H,VH,117,117
y59hxy,78,V,H,VH,NA,NA
y59hxy,79,V,H,VH,283,283
y6,1,V,H,VH,NA,NA
y6,3,V,H,VH,NA,NA
y6,4,V,H,VH,253,253
y6,5,V,H,VH,NA,NA
y6,6,V,H,VH,331,331
y6,7,V,H,VH,NA,NA
y6,9,V,H,VH,363,363
y6,10,V,H,VH,NA,NA
y6,11,V,H,VH,307,307
y6,12,V,H,VH,282,282
y6,13,V,H,VH,246,246
y6,14,V,H,VH,NA,NA
y6,15,V,H,VH,NA,NA
y6,16,V,H,VH,NA,NA
y6,17,V,H,VH,472,472
y6,19,V,H,VH,NA,NA
y6,20,V,H,VH,NA,NA
y6,22,I,L,IL,290,290
y6,23,I,L,IL,NA,NA
y6,24,I,L,IL,394,394
y6,26,I,L,IL,241,241
y6,28,I,L,IL,238,238
y6,29,I,L,IL,335,335
y6,30,I,L,IL,NA,NA
y6,31,I,L,IL,133,545
y6,32,I,L,IL,172,172
y6,33,I,L,IL,244,244
y6,34,I,L,IL,314,314
y6,35,I,L,IL,374,374
y6,37,I,L,IL,343,343
y6,38,I,L,IL,NA,NA
y6,39,I,L,IL,220,220
y6,40,I,L,IL,306,306
y6,41,V,L,VL,NA,NA
y6,42,V,L,VL,269,269
y6,43,V,L,VL,NA,NA
y6,44,V,L,VL,316,316
y6,45,V,L,VL,NA,NA
y6,46,V,L,VL,NA,NA
y6,47,V,L,VL,599,599
y6,48,V,L,VL,272,272
y6,49,V,L,VL,NA,NA
y6,50,V,L,VL,208,208
y6,51,V,L,VL,NA,NA
y6,52,V,L,VL,339,339
y6,53,V,L,VL,NA,NA
y6,54,V,L,VL,384,384
y6,55,V,L,VL,358,358
y6,56,V,L,VL,NA,NA
y6,58,V,L,VL,NA,NA
y6,59,V,L,VL,302,302
y6,60,V,L,VL,NA,NA
y6,61,I,H,IH,189,189
y6,62,I,H,IH,NA,NA
y6,63,I,H,IH,NA,NA
y6,64,I,H,IH,222,222
y6,65,I,H,IH,NA,NA
y6,66,I,H,IH,328,328
y6,67,I,H,IH,NA,NA
y6,68,I,H,IH,NA,NA
y6,69,I,H,IH,269,269
y6,70,I,H,IH,235,440
y6,71,I,H,IH,213,213
y6,72,I,H,IH,NA,NA
y6,73,I,H,IH,NA,NA
y6,74,I,H,IH,NA,NA
y6,75,I,H,IH,NA,NA
y6,76,I,H,IH,NA,NA
y6,77,I,H,IH,413,413
y6,78,I,H,IH,NA,NA
y6,79,I,H,IH,271,271
y6,80,I,H,IH,457,457
y60wzy,1,V,L,VL,411,411
y60wzy,3,V,L,VL,NA,NA
y60wzy,6,V,L,VL,NA,NA
y60wzy,7,V,L,VL,285,285
y60wzy,8,V,L,VL,NA,NA
y60wzy,9,V,L,VL,NA,NA
y60wzy,10,V,L,VL,NA,NA
y60wzy,11,V,L,VL,158,158
y60wzy,13,V,L,VL,NA,NA
y60wzy,14,V,L,VL,326,326
y60wzy,15,V,L,VL,293,293
y60wzy,16,V,L,VL,413,413
y60wzy,17,V,L,VL,238,238
y60wzy,18,V,L,VL,331,331
y60wzy,19,V,L,VL,244,244
y60wzy,20,V,L,VL,NA,NA
y60wzy,21,I,H,IH,258,258
y60wzy,22,I,H,IH,321,321
y60wzy,23,I,H,IH,199,199
y60wzy,25,I,H,IH,281,281
y60wzy,26,I,H,IH,NA,NA
y60wzy,27,I,H,IH,750,750
y60wzy,28,I,H,IH,NA,NA
y60wzy,29,I,H,IH,264,264
y60wzy,30,I,H,IH,NA,NA
y60wzy,31,I,H,IH,238,238
y60wzy,32,I,H,IH,NA,NA
y60wzy,33,I,H,IH,358,358
y60wzy,34,I,H,IH,NA,NA
y60wzy,35,I,H,IH,NA,NA
y60wzy,38,I,H,IH,360,360
y60wzy,39,I,H,IH,227,227
y60wzy,40,I,H,IH,339,339
y60wzy,41,V,H,VH,334,334
y60wzy,42,V,H,VH,218,218
y60wzy,43,V,H,VH,157,157
y60wzy,44,V,H,VH,157,157
y60wzy,45,V,H,VH,NA,NA
y60wzy,46,V,H,VH,NA,NA
y60wzy,47,V,H,VH,328,328
y60wzy,48,V,H,VH,216,216
y60wzy,49,V,H,VH,NA,NA
y60wzy,50,V,H,VH,NA,NA
y60wzy,51,V,H,VH,169,169
y60wzy,52,V,H,VH,260,260
y60wzy,53,V,H,VH,NA,NA
y60wzy,55,V,H,VH,232,232
y60wzy,56,V,H,VH,226,226
y60wzy,57,V,H,VH,NA,NA
y60wzy,58,V,H,VH,109,109
y60wzy,59,V,H,VH,196,196
y60wzy,60,V,H,VH,259,259
y60wzy,61,I,L,IL,137,137
y60wzy,62,I,L,IL,NA,NA
y60wzy,63,I,L,IL,NA,NA
y60wzy,64,I,L,IL,NA,NA
y60wzy,67,I,L,IL,704,704
y60wzy,68,I,L,IL,163,163
y60wzy,69,I,L,IL,201,201
y60wzy,72,I,L,IL,330,330
y60wzy,73,I,L,IL,213,395
y60wzy,74,I,L,IL,132,132
y60wzy,75,I,L,IL,NA,NA
y60wzy,76,I,L,IL,NA,NA
y60wzy,77,I,L,IL,NA,NA
y60wzy,78,I,L,IL,NA,NA
y60wzy,79,I,L,IL,249,249
y61lsy,1,I,H,IH,NA,NA
y61lsy,2,I,H,IH,NA,NA
y61lsy,3,I,H,IH,NA,NA
y61lsy,4,I,H,IH,271,271
y61lsy,6,I,H,IH,NA,NA
y61lsy,7,I,H,IH,193,369
y61lsy,8,I,H,IH,138,369
y61lsy,10,I,H,IH,293,293
y61lsy,11,I,H,IH,202,202
y61lsy,12,I,H,IH,NA,NA
y61lsy,13,I,H,IH,NA,NA
y61lsy,15,I,H,IH,NA,NA
y61lsy,16,I,H,IH,293,293
y61lsy,17,I,H,IH,158,158
y61lsy,18,I,H,IH,172,172
y61lsy,19,I,H,IH,NA,NA
y61lsy,20,I,H,IH,232,232
y61lsy,22,V,H,VH,143,143
y61lsy,23,V,H,VH,NA,NA
y61lsy,25,V,H,VH,NA,NA
y61lsy,28,V,H,VH,NA,NA
y61lsy,29,V,H,VH,83,83
y61lsy,31,V,H,VH,383,383
y61lsy,32,V,H,VH,NA,NA
y61lsy,35,V,H,VH,195,195
y61lsy,36,V,H,VH,NA,NA
y61lsy,37,V,H,VH,NA,NA
y61lsy,39,V,H,VH,NA,NA
y61lsy,40,V,H,VH,385,385
y61lsy,41,I,L,IL,360,360
y61lsy,42,I,L,IL,148,485
y61lsy,43,I,L,IL,NA,NA
y61lsy,44,I,L,IL,NA,NA
y61lsy,45,I,L,IL,NA,NA
y61lsy,46,I,L,IL,165,165
y61lsy,47,I,L,IL,308,308
y61lsy,48,I,L,IL,181,181
y61lsy,49,I,L,IL,NA,NA
y61lsy,51,I,L,IL,175,294
y61lsy,52,I,L,IL,197,197
y61lsy,53,I,L,IL,372,372
y61lsy,55,I,L,IL,194,194
y61lsy,56,I,L,IL,107,107
y61lsy,58,I,L,IL,NA,NA
y61lsy,59,I,L,IL,285,285
y61lsy,61,V,L,VL,227,227
y61lsy,62,V,L,VL,166,166
y61lsy,63,V,L,VL,194,194
y61lsy,64,V,L,VL,NA,NA
y61lsy,65,V,L,VL,NA,NA
y61lsy,66,V,L,VL,NA,NA
y61lsy,67,V,L,VL,NA,NA
y61lsy,68,V,L,VL,119,119
y61lsy,69,V,L,VL,NA,NA
y61lsy,71,V,L,VL,NA,NA
y61lsy,72,V,L,VL,NA,NA
y61lsy,73,V,L,VL,126,126
y61lsy,74,V,L,VL,NA,NA
y61lsy,75,V,L,VL,124,124
y61lsy,76,V,L,VL,85,85
y61lsy,78,V,L,VL,NA,NA
y61lsy,79,V,L,VL,NA,NA
y62hxr,1,V,H,VH,215,215
y62hxr,2,V,H,VH,NA,NA
y62hxr,3,V,H,VH,NA,NA
y62hxr,6,V,H,VH,NA,NA
y62hxr,7,V,H,VH,277,277
y62hxr,9,V,H,VH,189,189
y62hxr,12,V,H,VH,339,339
y62hxr,13,V,H,VH,NA,NA
y62hxr,16,V,H,VH,264,264
y62hxr,17,V,H,VH,NA,NA
y62hxr,18,V,H,VH,NA,NA
y62hxr,19,V,H,VH,NA,NA
y62hxr,20,V,H,VH,166,166
y62hxr,22,I,L,IL,153,321
y62hxr,23,I,L,IL,NA,NA
y62hxr,24,I,L,IL,117,117
y62hxr,25,I,L,IL,170,170
y62hxr,27,I,L,IL,194,466
y62hxr,28,I,L,IL,NA,NA
y62hxr,29,I,L,IL,212,373
y62hxr,30,I,L,IL,NA,NA
y62hxr,31,I,L,IL,246,407
y62hxr,32,I,L,IL,NA,NA
y62hxr,36,I,L,IL,NA,NA
y62hxr,37,I,L,IL,NA,NA
y62hxr,38,I,L,IL,321,321
y62hxr,39,I,L,IL,484,484
y62hxr,40,I,L,IL,NA,NA
y62hxr,41,V,L,VL,NA,NA
y62hxr,42,V,L,VL,NA,NA
y62hxr,43,V,L,VL,NA,NA
y62hxr,44,V,L,VL,172,172
y62hxr,45,V,L,VL,283,283
y62hxr,46,V,L,VL,NA,NA
y62hxr,47,V,L,VL,NA,NA
y62hxr,48,V,L,VL,235,235
y62hxr,49,V,L,VL,239,239
y62hxr,50,V,L,VL,324,324
y62hxr,51,V,L,VL,NA,NA
y62hxr,52,V,L,VL,NA,NA
y62hxr,53,V,L,VL,NA,NA
y62hxr,54,V,L,VL,NA,NA
y62hxr,55,V,L,VL,332,332
y62hxr,56,V,L,VL,157,157
y62hxr,57,V,L,VL,NA,NA
y62hxr,58,V,L,VL,NA,NA
y62hxr,61,I,H,IH,NA,NA
y62hxr,63,I,H,IH,237,673
y62hxr,64,I,H,IH,NA,NA
y62hxr,65,I,H,IH,203,436
y62hxr,67,I,H,IH,NA,NA
y62hxr,69,I,H,IH,NA,NA
y62hxr,71,I,H,IH,209,448
y62hxr,72,I,H,IH,NA,NA
y62hxr,73,I,H,IH,NA,NA
y62hxr,74,I,H,IH,183,183
y62hxr,75,I,H,IH,NA,NA
y62hxr,76,I,H,IH,98,98
y62hxr,77,I,H,IH,NA,NA
y62hxr,78,I,H,IH,NA,NA
y62hxr,79,I,H,IH,129,129
y63cjy,1,I,L,IL,NA,NA
y63cjy,3,I,L,IL,NA,NA
y63cjy,4,I,L,IL,139,139
y63cjy,6,I,L,IL,286,286
y63cjy,7,I,L,IL,653,653
y63cjy,10,I,L,IL,221,221
y63cjy,11,I,L,IL,124,124
y63cjy,13,I,L,IL,NA,NA
y63cjy,14,I,L,IL,187,187
y63cjy,15,I,L,IL,NA,NA
y63cjy,16,I,L,IL,327,468
y63cjy,17,I,L,IL,276,276
y63cjy,18,I,L,IL,143,143
y63cjy,19,I,L,IL,278,278
y63cjy,20,I,L,IL,182,182
y63cjy,23,V,L,VL,NA,NA
y63cjy,24,V,L,VL,NA,NA
y63cjy,28,V,L,VL,168,168
y63cjy,29,V,L,VL,NA,NA
y63cjy,32,V,L,VL,NA,NA
y63cjy,34,V,L,VL,NA,NA
y63cjy,38,V,L,VL,NA,NA
y63cjy,39,V,L,VL,NA,NA
y63cjy,40,V,L,VL,NA,NA
y63cjy,42,I,H,IH,170,170
y63cjy,44,I,H,IH,418,418
y63cjy,47,I,H,IH,NA,NA
y63cjy,49,I,H,IH,NA,NA
y63cjy,51,I,H,IH,302,302
y63cjy,54,I,H,IH,707,707
y63cjy,56,I,H,IH,NA,NA
y63cjy,58,I,H,IH,173,173
y63cjy,59,I,H,IH,NA,NA
y63cjy,63,V,H,VH,155,155
y63cjy,65,V,H,VH,NA,NA
y63cjy,66,V,H,VH,278,278
y63cjy,67,V,H,VH,NA,NA
y63cjy,68,V,H,VH,NA,NA
y63cjy,70,V,H,VH,NA,NA
y63cjy,71,V,H,VH,162,162
y63cjy,72,V,H,VH,NA,NA
y63cjy,74,V,H,VH,NA,NA
y63cjy,75,V,H,VH,107,107
y63cjy,77,V,H,VH,302,302
y63cjy,78,V,H,VH,NA,NA
y63cjy,79,V,H,VH,NA,NA
y64nch,1,V,L,VL,NA,NA
y64nch,3,V,L,VL,NA,NA
y64nch,4,V,L,VL,NA,NA
y64nch,7,V,L,VL,NA,NA
y64nch,10,V,L,VL,NA,NA
y64nch,11,V,L,VL,220,220
y64nch,12,V,L,VL,278,278
y64nch,13,V,L,VL,NA,NA
y64nch,15,V,L,VL,181,181
y64nch,16,V,L,VL,NA,NA
y64nch,17,V,L,VL,NA,NA
y64nch,19,V,L,VL,NA,NA
y64nch,20,V,L,VL,NA,NA
y64nch,23,I,H,IH,NA,NA
y64nch,24,I,H,IH,NA,NA
y64nch,25,I,H,IH,325,325
y64nch,26,I,H,IH,NA,NA
y64nch,29,I,H,IH,NA,NA
y64nch,30,I,H,IH,283,283
y64nch,34,I,H,IH,NA,NA
y64nch,35,I,H,IH,NA,NA
y64nch,36,I,H,IH,280,280
y64nch,37,I,H,IH,368,368
y64nch,39,I,H,IH,282,472
y64nch,40,I,H,IH,NA,NA
y64nch,41,V,H,VH,NA,NA
y64nch,42,V,H,VH,NA,NA
y64nch,44,V,H,VH,NA,NA
y64nch,45,V,H,VH,NA,NA
y64nch,48,V,H,VH,NA,NA
y64nch,49,V,H,VH,232,232
y64nch,51,V,H,VH,NA,NA
y64nch,52,V,H,VH,NA,NA
y64nch,53,V,H,VH,NA,NA
y64nch,54,V,H,VH,NA,NA
y64nch,55,V,H,VH,NA,NA
y64nch,56,V,H,VH,NA,NA
y64nch,58,V,H,VH,NA,NA
y64nch,59,V,H,VH,NA,NA
y64nch,61,I,L,IL,298,298
y64nch,63,I,L,IL,214,214
y64nch,64,I,L,IL,NA,NA
y64nch,67,I,L,IL,NA,NA
y64nch,69,I,L,IL,NA,NA
y64nch,70,I,L,IL,NA,NA
y64nch,73,I,L,IL,332,332
y64nch,74,I,L,IL,NA,NA
y64nch,75,I,L,IL,NA,NA
y64nch,76,I,L,IL,NA,NA
y64nch,77,I,L,IL,NA,NA
y64nch,78,I,L,IL,NA,NA
y64nch,79,I,L,IL,341,341
y64nch,80,I,L,IL,239,239
y7,6,I,L,IL,NA,NA
y7,7,I,L,IL,310,310
y7,8,I,L,IL,248,494
y7,9,I,L,IL,595,854
y7,10,I,L,IL,233,233
y7,11,I,L,IL,NA,NA
y7,12,I,L,IL,272,272
y7,13,I,L,IL,191,191
y7,14,I,L,IL,NA,NA
y7,16,I,L,IL,240,240
y7,17,I,L,IL,NA,NA
y7,18,I,L,IL,169,506
y7,19,I,L,IL,NA,NA
y7,22,V,L,VL,167,337
y7,23,V,L,VL,211,211
y7,24,V,L,VL,278,278
y7,25,V,L,VL,NA,NA
y7,26,V,L,VL,268,268
y7,28,V,L,VL,183,183
y7,29,V,L,VL,181,181
y7,31,V,L,VL,238,238
y7,32,V,L,VL,283,283
y7,33,V,L,VL,NA,NA
y7,34,V,L,VL,273,273
y7,35,V,L,VL,243,243
y7,36,V,L,VL,260,260
y7,37,V,L,VL,245,245
y7,38,V,L,VL,242,242
y7,39,V,L,VL,257,257
y7,41,I,H,IH,207,490
y7,43,I,H,IH,NA,NA
y7,44,I,H,IH,218,218
y7,45,I,H,IH,252,252
y7,48,I,H,IH,184,184
y7,51,I,H,IH,206,362
y7,52,I,H,IH,NA,NA
y7,55,I,H,IH,239,327
y7,58,I,H,IH,187,187
y7,59,I,H,IH,197,441
y7,61,V,H,VH,248,248
y7,63,V,H,VH,NA,NA
y7,64,V,H,VH,169,169
y7,66,V,H,VH,309,309
y7,67,V,H,VH,216,216
y7,68,V,H,VH,306,306
y7,69,V,H,VH,274,274
y7,71,V,H,VH,240,240
y7,73,V,H,VH,NA,NA
y7,75,V,H,VH,NA,NA
y7,76,V,H,VH,178,178
y7,77,V,H,VH,NA,NA
y7,78,V,H,VH,192,192
y7,80,V,H,VH,180,180
y8hq,1,V,L,VL,326,486
y8hq,2,V,L,VL,164,502
y8hq,3,V,L,VL,NA,NA
y8hq,4,V,L,VL,323,323
y8hq,6,V,L,VL,294,294
y8hq,7,V,L,VL,266,266
y8hq,8,V,L,VL,332,877
y8hq,9,V,L,VL,491,491
y8hq,10,V,L,VL,372,372
y8hq,11,V,L,VL,154,154
y8hq,12,V,L,VL,NA,NA
y8hq,13,V,L,VL,NA,NA
y8hq,14,V,L,VL,NA,NA
y8hq,16,V,L,VL,166,424
y8hq,17,V,L,VL,236,236
y8hq,18,V,L,VL,308,308
y8hq,19,V,L,VL,378,378
y8hq,20,V,L,VL,424,424
y8hq,21,I,H,IH,261,261
y8hq,22,I,H,IH,366,366
y8hq,24,I,H,IH,296,296
y8hq,25,I,H,IH,198,198
y8hq,26,I,H,IH,NA,NA
y8hq,27,I,H,IH,308,308
y8hq,28,I,H,IH,263,263
y8hq,29,I,H,IH,263,681
y8hq,30,I,H,IH,NA,NA
y8hq,31,I,H,IH,204,204
y8hq,32,I,H,IH,332,332
y8hq,33,I,H,IH,262,262
y8hq,34,I,H,IH,323,621
y8hq,35,I,H,IH,NA,NA
y8hq,36,I,H,IH,193,193
y8hq,37,I,H,IH,298,422
y8hq,38,I,H,IH,366,366
y8hq,39,I,H,IH,358,358
y8hq,40,I,H,IH,258,429
y8hq,41,V,H,VH,239,239
y8hq,42,V,H,VH,273,273
y8hq,43,V,H,VH,220,220
y8hq,44,V,H,VH,293,293
y8hq,45,V,H,VH,460,460
y8hq,46,V,H,VH,NA,NA
y8hq,47,V,H,VH,221,221
y8hq,48,V,H,VH,105,105
y8hq,49,V,H,VH,NA,NA
y8hq,50,V,H,VH,271,271
y8hq,51,V,H,VH,158,158
y8hq,52,V,H,VH,380,380
y8hq,53,V,H,VH,NA,NA
y8hq,54,V,H,VH,213,213
y8hq,55,V,H,VH,NA,NA
y8hq,56,V,H,VH,176,176
y8hq,57,V,H,VH,268,268
y8hq,58,V,H,VH,NA,NA
y8hq,59,V,H,VH,NA,NA
y8hq,60,V,H,VH,228,228
y8hq,61,I,L,IL,NA,NA
y8hq,62,I,L,IL,212,212
y8hq,63,I,L,IL,300,300
y8hq,65,I,L,IL,320,320
y8hq,66,I,L,IL,NA,NA
y8hq,67,I,L,IL,NA,NA
y8hq,68,I,L,IL,363,363
y8hq,69,I,L,IL,292,457
y8hq,70,I,L,IL,299,469
y8hq,71,I,L,IL,250,514
y8hq,72,I,L,IL,180,180
y8hq,73,I,L,IL,NA,NA
y8hq,74,I,L,IL,NA,NA
y8hq,75,I,L,IL,204,204
y8hq,76,I,L,IL,352,352
y8hq,77,I,L,IL,365,365
y8hq,78,I,L,IL,375,375
y8hq,79,I,L,IL,544,544
y8hq,80,I,L,IL,500,500
y9,3,I,H,IH,NA,NA
y9,4,I,H,IH,NA,NA
y9,5,I,H,IH,396,396
y9,6,I,H,IH,156,156
y9,7,I,H,IH,185,185
y9,8,I,H,IH,142,142
y9,10,I,H,IH,390,390
y9,12,I,H,IH,159,159
y9,13,I,H,IH,NA,NA
y9,14,I,H,IH,166,166
y9,15,I,H,IH,283,283
y9,17,I,H,IH,347,347
y9,18,I,H,IH,307,307
y9,19,I,H,IH,152,152
y9,20,I,H,IH,153,153
y9,21,V,H,VH,NA,NA
y9,22,V,H,VH,198,198
y9,23,V,H,VH,141,141
y9,24,V,H,VH,182,182
y9,25,V,H,VH,257,257
y9,26,V,H,VH,150,150
y9,27,V,H,VH,254,254
y9,28,V,H,VH,NA,NA
y9,29,V,H,VH,NA,NA
y9,30,V,H,VH,129,129
y9,32,V,H,VH,NA,NA
y9,33,V,H,VH,NA,NA
y9,34,V,H,VH,NA,NA
y9,37,V,H,VH,NA,NA
y9,38,V,H,VH,147,147
y9,39,V,H,VH,181,181
y9,41,I,L,IL,162,162
y9,42,I,L,IL,258,258
y9,43,I,L,IL,NA,NA
y9,45,I,L,IL,NA,NA
y9,46,I,L,IL,85,85
y9,48,I,L,IL,211,211
y9,51,I,L,IL,214,481
y9,52,I,L,IL,266,266
y9,53,I,L,IL,194,194
y9,54,I,L,IL,172,172
y9,55,I,L,IL,332,332
y9,56,I,L,IL,284,284
y9,57,I,L,IL,NA,NA
y9,58,I,L,IL,187,187
y9,59,I,L,IL,NA,NA
y9,60,I,L,IL,167,167
y9,62,V,L,VL,223,223
y9,63,V,L,VL,NA,NA
y9,64,V,L,VL,249,249
y9,65,V,L,VL,NA,NA
y9,66,V,L,VL,163,163
y9,67,V,L,VL,NA,NA
y9,68,V,L,VL,166,166
y9,69,V,L,VL,147,147
y9,70,V,L,VL,NA,NA
y9,71,V,L,VL,NA,NA
y9,72,V,L,VL,279,279
y9,73,V,L,VL,NA,NA
y9,74,V,L,VL,324,324
y9,75,V,L,VL,NA,NA
y9,76,V,L,VL,NA,NA
y9,78,V,L,VL,229,229
y9,79,V,L,VL,NA,NA
y9,80,V,L,VL,NA,NA
yhyl,1,V,H,VH,162,162
yhyl,4,V,H,VH,NA,NA
yhyl,5,V,H,VH,NA,NA
yhyl,6,V,H,VH,NA,NA
yhyl,8,V,H,VH,NA,NA
yhyl,10,V,H,VH,223,223
yhyl,12,V,H,VH,298,298
yhyl,13,V,H,VH,233,233
yhyl,14,V,H,VH,253,253
yhyl,15,V,H,VH,NA,NA
yhyl,16,V,H,VH,NA,NA
yhyl,18,V,H,VH,194,194
yhyl,20,V,H,VH,NA,NA
yhyl,21,I,L,IL,228,228
yhyl,23,I,L,IL,283,283
yhyl,24,I,L,IL,154,154
yhyl,25,I,L,IL,193,193
yhyl,26,I,L,IL,118,118
yhyl,27,I,L,IL,NA,NA
yhyl,28,I,L,IL,193,193
yhyl,29,I,L,IL,NA,NA
yhyl,30,I,L,IL,180,467
yhyl,32,I,L,IL,NA,NA
yhyl,37,I,L,IL,237,237
yhyl,38,I,L,IL,278,278
yhyl,39,I,L,IL,212,212
yhyl,40,I,L,IL,446,446
yhyl,41,V,L,VL,87,87
yhyl,42,V,L,VL,404,404
yhyl,43,V,L,VL,194,194
yhyl,44,V,L,VL,193,193
yhyl,45,V,L,VL,NA,NA
yhyl,46,V,L,VL,NA,NA
yhyl,47,V,L,VL,NA,NA
yhyl,48,V,L,VL,230,230
yhyl,49,V,L,VL,NA,NA
yhyl,50,V,L,VL,495,495
yhyl,51,V,L,VL,NA,NA
yhyl,52,V,L,VL,NA,NA
yhyl,53,V,L,VL,174,174
yhyl,56,V,L,VL,326,326
yhyl,58,V,L,VL,NA,NA
yhyl,60,V,L,VL,154,154
yhyl,63,I,H,IH,NA,NA
yhyl,64,I,H,IH,277,277
yhyl,66,I,H,IH,330,330
yhyl,68,I,H,IH,NA,NA
yhyl,69,I,H,IH,NA,NA
yhyl,70,I,H,IH,NA,NA
yhyl,72,I,H,IH,178,178
yhyl,74,I,H,IH,196,196
yhyl,75,I,H,IH,365,365
yhyl,76,I,H,IH,345,345
yhyl,79,I,H,IH,263,263
yhyl,80,I,H,IH,489,701
